brand_name,car_name,variant_name,variant_price,ex_showroom_price,engine,engine_type,fuel_type,max_power,max_torque,mileage,driving_range,drivetrain,transmission_manual,emission_standard,electric_motor,others,valve_per_cylinder,length,width,height,wheel_base,ground_clearance,doors,seating_capacity,no_of_rows,boot_space,fuel_tank_capacity,front_suspension,rear_suspension,front_brake_type,rear_brake_type,minimum_turning_radius
Maruti Suzuki,Maruti Dzire,Dzire LXi,N/A,Rs. 6.79 Lakh,N/A,N/A,N/A,N/A,N/A,N/A,N/A,N/A,N/A,N/A,N/A,N/A,N/A,N/A,N/A,N/A,N/A,N/A,N/A,N/A,N/A,N/A,N/A,N/A,N/A,N/A,N/A,N/A
Maruti Suzuki,Maruti Dzire,Dzire VXi,N/A,Rs. 7.79 Lakh,N/A,N/A,N/A,N/A,N/A,N/A,N/A,N/A,N/A,N/A,N/A,N/A,N/A,N/A,N/A,N/A,N/A,N/A,N/A,N/A,N/A,N/A,N/A,N/A,N/A,N/A,N/A,N/A
Maruti Suzuki,Maruti Dzire,Dzire VXi AMT,N/A,Rs. 8.24 Lakh,N/A,N/A,N/A,N/A,N/A,N/A,N/A,N/A,N/A,N/A,N/A,N/A,N/A,N/A,N/A,N/A,N/A,N/A,N/A,N/A,N/A,N/A,N/A,N/A,N/A,N/A,N/A,N/A
Maruti Suzuki,Maruti Dzire,Dzire VXi CNG,N/A,Rs. 8.74 Lakh,N/A,N/A,N/A,N/A,N/A,N/A,N/A,N/A,N/A,N/A,N/A,N/A,N/A,N/A,N/A,N/A,N/A,N/A,N/A,N/A,N/A,N/A,N/A,N/A,N/A,N/A,N/A,N/A
Maruti Suzuki,Maruti Dzire,Dzire ZXi,N/A,Rs. 8.89 Lakh,N/A,N/A,N/A,N/A,N/A,N/A,N/A,N/A,N/A,N/A,N/A,N/A,N/A,N/A,N/A,N/A,N/A,N/A,N/A,N/A,N/A,N/A,N/A,N/A,N/A,N/A,N/A,N/A
Maruti Suzuki,Maruti Dzire,Dzire ZXi AMT,N/A,Rs. 9.34 Lakh,N/A,N/A,N/A,N/A,N/A,N/A,N/A,N/A,N/A,N/A,N/A,N/A,N/A,N/A,N/A,N/A,N/A,N/A,N/A,N/A,N/A,N/A,N/A,N/A,N/A,N/A,N/A,N/A
Maruti Suzuki,Maruti Dzire,Dzire ZXi Plus,N/A,Rs. 9.69 Lakh,N/A,N/A,N/A,N/A,N/A,N/A,N/A,N/A,N/A,N/A,N/A,N/A,N/A,N/A,N/A,N/A,N/A,N/A,N/A,N/A,N/A,N/A,N/A,N/A,N/A,N/A,N/A,N/A
Maruti Suzuki,Maruti Dzire,Dzire ZXi CNG,N/A,Rs. 9.84 Lakh,N/A,N/A,N/A,N/A,N/A,N/A,N/A,N/A,N/A,N/A,N/A,N/A,N/A,N/A,N/A,N/A,N/A,N/A,N/A,N/A,N/A,N/A,N/A,N/A,N/A,N/A,N/A,N/A
Maruti Suzuki,Maruti Dzire,Dzire ZXi Plus AMT,N/A,Rs. 10.14 Lakh,N/A,N/A,N/A,N/A,N/A,N/A,N/A,N/A,N/A,N/A,N/A,N/A,N/A,N/A,N/A,N/A,N/A,N/A,N/A,N/A,N/A,N/A,N/A,N/A,N/A,N/A,N/A,N/A
Maruti Suzuki,Maruti Fronx,Fronx Sigma 1.2L MT,N/A,Rs. 7.51 Lakh,N/A,N/A,N/A,N/A,N/A,N/A,N/A,N/A,N/A,N/A,N/A,N/A,N/A,N/A,N/A,N/A,N/A,N/A,N/A,N/A,N/A,N/A,N/A,N/A,N/A,N/A,N/A,N/A
Maruti Suzuki,Maruti Fronx,Fronx Delta 1.2L MT,N/A,Rs. 8.37 Lakh,N/A,N/A,N/A,N/A,N/A,N/A,N/A,N/A,N/A,N/A,N/A,N/A,N/A,N/A,N/A,N/A,N/A,N/A,N/A,N/A,N/A,N/A,N/A,N/A,N/A,N/A,N/A,N/A
Maruti Suzuki,Maruti Fronx,Fronx Sigma 1.2 CNG,N/A,Rs. 8.46 Lakh,N/A,N/A,N/A,N/A,N/A,N/A,N/A,N/A,N/A,N/A,N/A,N/A,N/A,N/A,N/A,N/A,N/A,N/A,N/A,N/A,N/A,N/A,N/A,N/A,N/A,N/A,N/A,N/A
Maruti Suzuki,Maruti Fronx,Fronx Delta Plus 1.2L MT,N/A,Rs. 8.77 Lakh,N/A,N/A,N/A,N/A,N/A,N/A,N/A,N/A,N/A,N/A,N/A,N/A,N/A,N/A,N/A,N/A,N/A,N/A,N/A,N/A,N/A,N/A,N/A,N/A,N/A,N/A,N/A,N/A
Maruti Suzuki,Maruti Fronx,Fronx Delta 1.2L AGS,N/A,Rs. 8.85 Lakh,N/A,N/A,N/A,N/A,N/A,N/A,N/A,N/A,N/A,N/A,N/A,N/A,N/A,N/A,N/A,N/A,N/A,N/A,N/A,N/A,N/A,N/A,N/A,N/A,N/A,N/A,N/A,N/A
Maruti Suzuki,Maruti Fronx,Fronx Delta Plus (O) 1.2L MT,N/A,Rs. 8.93 Lakh,N/A,N/A,N/A,N/A,N/A,N/A,N/A,N/A,N/A,N/A,N/A,N/A,N/A,N/A,N/A,N/A,N/A,N/A,N/A,N/A,N/A,N/A,N/A,N/A,N/A,N/A,N/A,N/A
Maruti Suzuki,Maruti Fronx,Fronx Delta Plus 1.2L AGS,N/A,Rs. 9.25 Lakh,N/A,N/A,N/A,N/A,N/A,N/A,N/A,N/A,N/A,N/A,N/A,N/A,N/A,N/A,N/A,N/A,N/A,N/A,N/A,N/A,N/A,N/A,N/A,N/A,N/A,N/A,N/A,N/A
Maruti Suzuki,Maruti Fronx,Fronx Delta 1.2 CNG,N/A,Rs. 9.32 Lakh,N/A,N/A,N/A,N/A,N/A,N/A,N/A,N/A,N/A,N/A,N/A,N/A,N/A,N/A,N/A,N/A,N/A,N/A,N/A,N/A,N/A,N/A,N/A,N/A,N/A,N/A,N/A,N/A
Maruti Suzuki,Maruti Fronx,Fronx Delta Plus (O) 1.2L AGS,N/A,Rs. 9.41 Lakh,N/A,N/A,N/A,N/A,N/A,N/A,N/A,N/A,N/A,N/A,N/A,N/A,N/A,N/A,N/A,N/A,N/A,N/A,N/A,N/A,N/A,N/A,N/A,N/A,N/A,N/A,N/A,N/A
Maruti Suzuki,Maruti Fronx,Fronx Delta Plus 1.0 Turbo MT,N/A,Rs. 9.73 Lakh,N/A,N/A,N/A,N/A,N/A,N/A,N/A,N/A,N/A,N/A,N/A,N/A,N/A,N/A,N/A,N/A,N/A,N/A,N/A,N/A,N/A,N/A,N/A,N/A,N/A,N/A,N/A,N/A
Maruti Suzuki,Maruti Fronx,Fronx Zeta 1.0L Turbo MT,N/A,Rs. 10.55 Lakh,N/A,N/A,N/A,N/A,N/A,N/A,N/A,N/A,N/A,N/A,N/A,N/A,N/A,N/A,N/A,N/A,N/A,N/A,N/A,N/A,N/A,N/A,N/A,N/A,N/A,N/A,N/A,N/A
Maruti Suzuki,Maruti Fronx,Fronx Alpha 1.0L Turbo MT,N/A,Rs. 11.47 Lakh,N/A,N/A,N/A,N/A,N/A,N/A,N/A,N/A,N/A,N/A,N/A,N/A,N/A,N/A,N/A,N/A,N/A,N/A,N/A,N/A,N/A,N/A,N/A,N/A,N/A,N/A,N/A,N/A
Maruti Suzuki,Maruti Fronx,Fronx Alpha 1.0L Turbo MT Dual Tone,N/A,Rs. 11.64 Lakh,N/A,N/A,N/A,N/A,N/A,N/A,N/A,N/A,N/A,N/A,N/A,N/A,N/A,N/A,N/A,N/A,N/A,N/A,N/A,N/A,N/A,N/A,N/A,N/A,N/A,N/A,N/A,N/A
Maruti Suzuki,Maruti Fronx,Fronx Zeta 1.0L Turbo 6 AT,N/A,Rs. 11.96 Lakh,N/A,N/A,N/A,N/A,N/A,N/A,N/A,N/A,N/A,N/A,N/A,N/A,N/A,N/A,N/A,N/A,N/A,N/A,N/A,N/A,N/A,N/A,N/A,N/A,N/A,N/A,N/A,N/A
Maruti Suzuki,Maruti Fronx,Fronx Alpha 1.0L Turbo 6 AT,N/A,Rs. 12.88 Lakh,N/A,N/A,N/A,N/A,N/A,N/A,N/A,N/A,N/A,N/A,N/A,N/A,N/A,N/A,N/A,N/A,N/A,N/A,N/A,N/A,N/A,N/A,N/A,N/A,N/A,N/A,N/A,N/A
Maruti Suzuki,Maruti Fronx,Fronx Alpha 1.0L Turbo 6 AT Dual Tone,N/A,Rs. 13.04 Lakh,N/A,N/A,N/A,N/A,N/A,N/A,N/A,N/A,N/A,N/A,N/A,N/A,N/A,N/A,N/A,N/A,N/A,N/A,N/A,N/A,N/A,N/A,N/A,N/A,N/A,N/A,N/A,N/A
Maruti Suzuki,Maruti Swift,Swift LXi,N/A,Rs. 6.49 Lakh,N/A,N/A,N/A,N/A,N/A,N/A,N/A,N/A,N/A,N/A,N/A,N/A,N/A,N/A,N/A,N/A,N/A,N/A,N/A,N/A,N/A,N/A,N/A,N/A,N/A,N/A,N/A,N/A
Maruti Suzuki,Maruti Swift,Swift VXi,N/A,Rs. 7.29 Lakh,N/A,N/A,N/A,N/A,N/A,N/A,N/A,N/A,N/A,N/A,N/A,N/A,N/A,N/A,N/A,N/A,N/A,N/A,N/A,N/A,N/A,N/A,N/A,N/A,N/A,N/A,N/A,N/A
Maruti Suzuki,Maruti Swift,Swift VXi (O),N/A,Rs. 7.56 Lakh,N/A,N/A,N/A,N/A,N/A,N/A,N/A,N/A,N/A,N/A,N/A,N/A,N/A,N/A,N/A,N/A,N/A,N/A,N/A,N/A,N/A,N/A,N/A,N/A,N/A,N/A,N/A,N/A
Maruti Suzuki,Maruti Swift,Swift VXi AMT,N/A,Rs. 7.75 Lakh,N/A,N/A,N/A,N/A,N/A,N/A,N/A,N/A,N/A,N/A,N/A,N/A,N/A,N/A,N/A,N/A,N/A,N/A,N/A,N/A,N/A,N/A,N/A,N/A,N/A,N/A,N/A,N/A
Maruti Suzuki,Maruti Swift,Swift VXi (O) AMT,N/A,Rs. 8.02 Lakh,N/A,N/A,N/A,N/A,N/A,N/A,N/A,N/A,N/A,N/A,N/A,N/A,N/A,N/A,N/A,N/A,N/A,N/A,N/A,N/A,N/A,N/A,N/A,N/A,N/A,N/A,N/A,N/A
Maruti Suzuki,Maruti Swift,Swift VXi CNG,N/A,Rs. 8.19 Lakh,N/A,N/A,N/A,N/A,N/A,N/A,N/A,N/A,N/A,N/A,N/A,N/A,N/A,N/A,N/A,N/A,N/A,N/A,N/A,N/A,N/A,N/A,N/A,N/A,N/A,N/A,N/A,N/A
Maruti Suzuki,Maruti Swift,Swift ZXi,N/A,Rs. 8.29 Lakh,N/A,N/A,N/A,N/A,N/A,N/A,N/A,N/A,N/A,N/A,N/A,N/A,N/A,N/A,N/A,N/A,N/A,N/A,N/A,N/A,N/A,N/A,N/A,N/A,N/A,N/A,N/A,N/A
Maruti Suzuki,Maruti Swift,Swift VXi (O) CNG,N/A,Rs. 8.46 Lakh,N/A,N/A,N/A,N/A,N/A,N/A,N/A,N/A,N/A,N/A,N/A,N/A,N/A,N/A,N/A,N/A,N/A,N/A,N/A,N/A,N/A,N/A,N/A,N/A,N/A,N/A,N/A,N/A
Maruti Suzuki,Maruti Swift,Swift ZXi AMT,N/A,Rs. 8.75 Lakh,N/A,N/A,N/A,N/A,N/A,N/A,N/A,N/A,N/A,N/A,N/A,N/A,N/A,N/A,N/A,N/A,N/A,N/A,N/A,N/A,N/A,N/A,N/A,N/A,N/A,N/A,N/A,N/A
Maruti Suzuki,Maruti Swift,Swift ZXi Plus,N/A,Rs. 8.99 Lakh,N/A,N/A,N/A,N/A,N/A,N/A,N/A,N/A,N/A,N/A,N/A,N/A,N/A,N/A,N/A,N/A,N/A,N/A,N/A,N/A,N/A,N/A,N/A,N/A,N/A,N/A,N/A,N/A
Maruti Suzuki,Maruti Swift,Swift ZXi Plus Dual Tone,N/A,Rs. 9.14 Lakh,N/A,N/A,N/A,N/A,N/A,N/A,N/A,N/A,N/A,N/A,N/A,N/A,N/A,N/A,N/A,N/A,N/A,N/A,N/A,N/A,N/A,N/A,N/A,N/A,N/A,N/A,N/A,N/A
Maruti Suzuki,Maruti Swift,Swift ZXi CNG,N/A,Rs. 9.19 Lakh,N/A,N/A,N/A,N/A,N/A,N/A,N/A,N/A,N/A,N/A,N/A,N/A,N/A,N/A,N/A,N/A,N/A,N/A,N/A,N/A,N/A,N/A,N/A,N/A,N/A,N/A,N/A,N/A
Maruti Suzuki,Maruti Swift,Swift ZXi Plus AMT,N/A,Rs. 9.45 Lakh,N/A,N/A,N/A,N/A,N/A,N/A,N/A,N/A,N/A,N/A,N/A,N/A,N/A,N/A,N/A,N/A,N/A,N/A,N/A,N/A,N/A,N/A,N/A,N/A,N/A,N/A,N/A,N/A
Maruti Suzuki,Maruti Swift,Swift ZXi Plus Dual Tone AMT,N/A,Rs. 9.60 Lakh,N/A,N/A,N/A,N/A,N/A,N/A,N/A,N/A,N/A,N/A,N/A,N/A,N/A,N/A,N/A,N/A,N/A,N/A,N/A,N/A,N/A,N/A,N/A,N/A,N/A,N/A,N/A,N/A
Maruti Suzuki,Maruti Brezza,Brezza LXi,N/A,Rs. 8.34 Lakh,N/A,N/A,N/A,N/A,N/A,N/A,N/A,N/A,N/A,N/A,N/A,N/A,N/A,N/A,N/A,N/A,N/A,N/A,N/A,N/A,N/A,N/A,N/A,N/A,N/A,N/A,N/A,N/A
Maruti Suzuki,Maruti Brezza,Brezza LXi S-CNG,N/A,Rs. 9.29 Lakh,N/A,N/A,N/A,N/A,N/A,N/A,N/A,N/A,N/A,N/A,N/A,N/A,N/A,N/A,N/A,N/A,N/A,N/A,N/A,N/A,N/A,N/A,N/A,N/A,N/A,N/A,N/A,N/A
Maruti Suzuki,Maruti Brezza,Brezza VXi,N/A,Rs. 9.69 Lakh,N/A,N/A,N/A,N/A,N/A,N/A,N/A,N/A,N/A,N/A,N/A,N/A,N/A,N/A,N/A,N/A,N/A,N/A,N/A,N/A,N/A,N/A,N/A,N/A,N/A,N/A,N/A,N/A
Maruti Suzuki,Maruti Brezza,Brezza VXi S-CNG,N/A,Rs. 10.64 Lakh,N/A,N/A,N/A,N/A,N/A,N/A,N/A,N/A,N/A,N/A,N/A,N/A,N/A,N/A,N/A,N/A,N/A,N/A,N/A,N/A,N/A,N/A,N/A,N/A,N/A,N/A,N/A,N/A
Maruti Suzuki,Maruti Brezza,Brezza Vxi AT,N/A,Rs. 11.10 Lakh,N/A,N/A,N/A,N/A,N/A,N/A,N/A,N/A,N/A,N/A,N/A,N/A,N/A,N/A,N/A,N/A,N/A,N/A,N/A,N/A,N/A,N/A,N/A,N/A,N/A,N/A,N/A,N/A
Maruti Suzuki,Maruti Brezza,Brezza ZXi,N/A,Rs. 11.14 Lakh,N/A,N/A,N/A,N/A,N/A,N/A,N/A,N/A,N/A,N/A,N/A,N/A,N/A,N/A,N/A,N/A,N/A,N/A,N/A,N/A,N/A,N/A,N/A,N/A,N/A,N/A,N/A,N/A
Maruti Suzuki,Maruti Brezza,Brezza Zxi Dual Tone,N/A,Rs. 11.30 Lakh,N/A,N/A,N/A,N/A,N/A,N/A,N/A,N/A,N/A,N/A,N/A,N/A,N/A,N/A,N/A,N/A,N/A,N/A,N/A,N/A,N/A,N/A,N/A,N/A,N/A,N/A,N/A,N/A
Maruti Suzuki,Maruti Brezza,Brezza ZXi S-CNG,N/A,Rs. 12.10 Lakh,N/A,N/A,N/A,N/A,N/A,N/A,N/A,N/A,N/A,N/A,N/A,N/A,N/A,N/A,N/A,N/A,N/A,N/A,N/A,N/A,N/A,N/A,N/A,N/A,N/A,N/A,N/A,N/A
Maruti Suzuki,Maruti Brezza,Brezza ZXi S-CNG Dual Tone,N/A,Rs. 12.25 Lakh,N/A,N/A,N/A,N/A,N/A,N/A,N/A,N/A,N/A,N/A,N/A,N/A,N/A,N/A,N/A,N/A,N/A,N/A,N/A,N/A,N/A,N/A,N/A,N/A,N/A,N/A,N/A,N/A
Maruti Suzuki,Maruti Brezza,Brezza ZXi AT,N/A,Rs. 12.55 Lakh,N/A,N/A,N/A,N/A,N/A,N/A,N/A,N/A,N/A,N/A,N/A,N/A,N/A,N/A,N/A,N/A,N/A,N/A,N/A,N/A,N/A,N/A,N/A,N/A,N/A,N/A,N/A,N/A
Maruti Suzuki,Maruti Brezza,Brezza ZXi Plus,N/A,Rs. 12.58 Lakh,N/A,N/A,N/A,N/A,N/A,N/A,N/A,N/A,N/A,N/A,N/A,N/A,N/A,N/A,N/A,N/A,N/A,N/A,N/A,N/A,N/A,N/A,N/A,N/A,N/A,N/A,N/A,N/A
Maruti Suzuki,Maruti Brezza,Brezza Zxi AT Dual Tone,N/A,Rs. 12.71 Lakh,N/A,N/A,N/A,N/A,N/A,N/A,N/A,N/A,N/A,N/A,N/A,N/A,N/A,N/A,N/A,N/A,N/A,N/A,N/A,N/A,N/A,N/A,N/A,N/A,N/A,N/A,N/A,N/A
Maruti Suzuki,Maruti Brezza,Brezza Zxi Plus Dual Tone,N/A,Rs. 12.74 Lakh,N/A,N/A,N/A,N/A,N/A,N/A,N/A,N/A,N/A,N/A,N/A,N/A,N/A,N/A,N/A,N/A,N/A,N/A,N/A,N/A,N/A,N/A,N/A,N/A,N/A,N/A,N/A,N/A
Maruti Suzuki,Maruti Brezza,Brezza ZXi Plus AT,N/A,Rs. 13.98 Lakh,N/A,N/A,N/A,N/A,N/A,N/A,N/A,N/A,N/A,N/A,N/A,N/A,N/A,N/A,N/A,N/A,N/A,N/A,N/A,N/A,N/A,N/A,N/A,N/A,N/A,N/A,N/A,N/A
Maruti Suzuki,Maruti Brezza,Brezza Zxi Plus AT Dual Tone,N/A,Rs. 14.14 Lakh,N/A,N/A,N/A,N/A,N/A,N/A,N/A,N/A,N/A,N/A,N/A,N/A,N/A,N/A,N/A,N/A,N/A,N/A,N/A,N/A,N/A,N/A,N/A,N/A,N/A,N/A,N/A,N/A
Maruti Suzuki,Maruti Grand Vitara,Grand Vitara Sigma Smart Hybrid,N/A,Rs. 10.87 Lakh,N/A,N/A,N/A,N/A,N/A,N/A,N/A,N/A,N/A,N/A,N/A,N/A,N/A,N/A,N/A,N/A,N/A,N/A,N/A,N/A,N/A,N/A,N/A,N/A,N/A,N/A,N/A,N/A
Maruti Suzuki,Maruti Grand Vitara,Grand Vitara Delta Smart Hybrid,N/A,Rs. 12.16 Lakh,N/A,N/A,N/A,N/A,N/A,N/A,N/A,N/A,N/A,N/A,N/A,N/A,N/A,N/A,N/A,N/A,N/A,N/A,N/A,N/A,N/A,N/A,N/A,N/A,N/A,N/A,N/A,N/A
Maruti Suzuki,Maruti Grand Vitara,Grand Vitara Delta CNG,N/A,Rs. 13.11 Lakh,N/A,N/A,N/A,N/A,N/A,N/A,N/A,N/A,N/A,N/A,N/A,N/A,N/A,N/A,N/A,N/A,N/A,N/A,N/A,N/A,N/A,N/A,N/A,N/A,N/A,N/A,N/A,N/A
Maruti Suzuki,Maruti Grand Vitara,Grand Vitara Delta Smart Hybrid AT,N/A,Rs. 13.60 Lakh,N/A,N/A,N/A,N/A,N/A,N/A,N/A,N/A,N/A,N/A,N/A,N/A,N/A,N/A,N/A,N/A,N/A,N/A,N/A,N/A,N/A,N/A,N/A,N/A,N/A,N/A,N/A,N/A
Maruti Suzuki,Maruti Grand Vitara,Grand Vitara Zeta Smart Hybrid,N/A,Rs. 13.97 Lakh,N/A,N/A,N/A,N/A,N/A,N/A,N/A,N/A,N/A,N/A,N/A,N/A,N/A,N/A,N/A,N/A,N/A,N/A,N/A,N/A,N/A,N/A,N/A,N/A,N/A,N/A,N/A,N/A
Maruti Suzuki,Maruti Grand Vitara,Grand Vitara Zeta CNG,N/A,Rs. 14.92 Lakh,N/A,N/A,N/A,N/A,N/A,N/A,N/A,N/A,N/A,N/A,N/A,N/A,N/A,N/A,N/A,N/A,N/A,N/A,N/A,N/A,N/A,N/A,N/A,N/A,N/A,N/A,N/A,N/A
Maruti Suzuki,Maruti Grand Vitara,Grand Vitara Zeta Smart Hybrid AT,N/A,Rs. 15.41 Lakh,N/A,N/A,N/A,N/A,N/A,N/A,N/A,N/A,N/A,N/A,N/A,N/A,N/A,N/A,N/A,N/A,N/A,N/A,N/A,N/A,N/A,N/A,N/A,N/A,N/A,N/A,N/A,N/A
Maruti Suzuki,Maruti Grand Vitara,Grand Vitara Alpha Smart Hybrid,N/A,Rs. 15.47 Lakh,N/A,N/A,N/A,N/A,N/A,N/A,N/A,N/A,N/A,N/A,N/A,N/A,N/A,N/A,N/A,N/A,N/A,N/A,N/A,N/A,N/A,N/A,N/A,N/A,N/A,N/A,N/A,N/A
Maruti Suzuki,Maruti Grand Vitara,Grand Vitara Alpha Smart Hybrid Dual Tone,N/A,Rs. 15.63 Lakh,N/A,N/A,N/A,N/A,N/A,N/A,N/A,N/A,N/A,N/A,N/A,N/A,N/A,N/A,N/A,N/A,N/A,N/A,N/A,N/A,N/A,N/A,N/A,N/A,N/A,N/A,N/A,N/A
Maruti Suzuki,Maruti Grand Vitara,Grand Vitara Alpha Smart Hybrid AT,N/A,Rs. 16.91 Lakh,N/A,N/A,N/A,N/A,N/A,N/A,N/A,N/A,N/A,N/A,N/A,N/A,N/A,N/A,N/A,N/A,N/A,N/A,N/A,N/A,N/A,N/A,N/A,N/A,N/A,N/A,N/A,N/A
Maruti Suzuki,Maruti Grand Vitara,Grand Vitara Alpha Smart Hybrid AllGrip,N/A,Rs. 16.97 Lakh,N/A,N/A,N/A,N/A,N/A,N/A,N/A,N/A,N/A,N/A,N/A,N/A,N/A,N/A,N/A,N/A,N/A,N/A,N/A,N/A,N/A,N/A,N/A,N/A,N/A,N/A,N/A,N/A
Maruti Suzuki,Maruti Grand Vitara,Grand Vitara Alpha Smart Hybrid AT Dual Tone,N/A,Rs. 17.07 Lakh,N/A,N/A,N/A,N/A,N/A,N/A,N/A,N/A,N/A,N/A,N/A,N/A,N/A,N/A,N/A,N/A,N/A,N/A,N/A,N/A,N/A,N/A,N/A,N/A,N/A,N/A,N/A,N/A
Maruti Suzuki,Maruti Grand Vitara,Grand Vitara Alpha Smart Hybrid AllGrip Dual Tone,N/A,Rs. 17.13 Lakh,N/A,N/A,N/A,N/A,N/A,N/A,N/A,N/A,N/A,N/A,N/A,N/A,N/A,N/A,N/A,N/A,N/A,N/A,N/A,N/A,N/A,N/A,N/A,N/A,N/A,N/A,N/A,N/A
Maruti Suzuki,Maruti Grand Vitara,Grand Vitara Zeta Plus Intelligent Hybrid eCVT,N/A,Rs. 18.32 Lakh,N/A,N/A,N/A,N/A,N/A,N/A,N/A,N/A,N/A,N/A,N/A,N/A,N/A,N/A,N/A,N/A,N/A,N/A,N/A,N/A,N/A,N/A,N/A,N/A,N/A,N/A,N/A,N/A
Maruti Suzuki,Maruti Grand Vitara,Grand Vitara Zeta Plus Intelligent Hybrid eCVT Dual Tone,N/A,Rs. 18.47 Lakh,N/A,N/A,N/A,N/A,N/A,N/A,N/A,N/A,N/A,N/A,N/A,N/A,N/A,N/A,N/A,N/A,N/A,N/A,N/A,N/A,N/A,N/A,N/A,N/A,N/A,N/A,N/A,N/A
Maruti Suzuki,Maruti Grand Vitara,Grand Vitara Alpha Plus Intelligent Hybrid eCVT,N/A,Rs. 19.88 Lakh,N/A,N/A,N/A,N/A,N/A,N/A,N/A,N/A,N/A,N/A,N/A,N/A,N/A,N/A,N/A,N/A,N/A,N/A,N/A,N/A,N/A,N/A,N/A,N/A,N/A,N/A,N/A,N/A
Maruti Suzuki,Maruti Grand Vitara,Grand Vitara Alpha Plus Intelligent Hybrid eCVT Dual Tone,N/A,Rs. 19.97 Lakh,N/A,N/A,N/A,N/A,N/A,N/A,N/A,N/A,N/A,N/A,N/A,N/A,N/A,N/A,N/A,N/A,N/A,N/A,N/A,N/A,N/A,N/A,N/A,N/A,N/A,N/A,N/A,N/A
Maruti Suzuki,Maruti Ertiga,Ertiga LXi (O),N/A,Rs. 8.69 Lakh,N/A,N/A,N/A,N/A,N/A,N/A,N/A,N/A,N/A,N/A,N/A,N/A,N/A,N/A,N/A,N/A,N/A,N/A,N/A,N/A,N/A,N/A,N/A,N/A,N/A,N/A,N/A,N/A
Maruti Suzuki,Maruti Ertiga,Ertiga VXi (O),N/A,Rs. 9.83 Lakh,N/A,N/A,N/A,N/A,N/A,N/A,N/A,N/A,N/A,N/A,N/A,N/A,N/A,N/A,N/A,N/A,N/A,N/A,N/A,N/A,N/A,N/A,N/A,N/A,N/A,N/A,N/A,N/A
Maruti Suzuki,Maruti Ertiga,Ertiga VXi (O) CNG,N/A,Rs. 10.78 Lakh,N/A,N/A,N/A,N/A,N/A,N/A,N/A,N/A,N/A,N/A,N/A,N/A,N/A,N/A,N/A,N/A,N/A,N/A,N/A,N/A,N/A,N/A,N/A,N/A,N/A,N/A,N/A,N/A
Maruti Suzuki,Maruti Ertiga,Ertiga ZXi (O),N/A,Rs. 10.93 Lakh,N/A,N/A,N/A,N/A,N/A,N/A,N/A,N/A,N/A,N/A,N/A,N/A,N/A,N/A,N/A,N/A,N/A,N/A,N/A,N/A,N/A,N/A,N/A,N/A,N/A,N/A,N/A,N/A
Maruti Suzuki,Maruti Ertiga,Ertiga VXi AT,N/A,Rs. 11.23 Lakh,N/A,N/A,N/A,N/A,N/A,N/A,N/A,N/A,N/A,N/A,N/A,N/A,N/A,N/A,N/A,N/A,N/A,N/A,N/A,N/A,N/A,N/A,N/A,N/A,N/A,N/A,N/A,N/A
Maruti Suzuki,Maruti Ertiga,Ertiga ZXi Plus,N/A,Rs. 11.63 Lakh,N/A,N/A,N/A,N/A,N/A,N/A,N/A,N/A,N/A,N/A,N/A,N/A,N/A,N/A,N/A,N/A,N/A,N/A,N/A,N/A,N/A,N/A,N/A,N/A,N/A,N/A,N/A,N/A
Maruti Suzuki,Maruti Ertiga,Ertiga ZXi (O) CNG,N/A,Rs. 11.88 Lakh,N/A,N/A,N/A,N/A,N/A,N/A,N/A,N/A,N/A,N/A,N/A,N/A,N/A,N/A,N/A,N/A,N/A,N/A,N/A,N/A,N/A,N/A,N/A,N/A,N/A,N/A,N/A,N/A
Maruti Suzuki,Maruti Ertiga,Ertiga ZXi AT,N/A,Rs. 12.33 Lakh,N/A,N/A,N/A,N/A,N/A,N/A,N/A,N/A,N/A,N/A,N/A,N/A,N/A,N/A,N/A,N/A,N/A,N/A,N/A,N/A,N/A,N/A,N/A,N/A,N/A,N/A,N/A,N/A
Maruti Suzuki,Maruti Ertiga,Ertiga ZXi Plus AT,N/A,Rs. 13.03 Lakh,N/A,N/A,N/A,N/A,N/A,N/A,N/A,N/A,N/A,N/A,N/A,N/A,N/A,N/A,N/A,N/A,N/A,N/A,N/A,N/A,N/A,N/A,N/A,N/A,N/A,N/A,N/A,N/A
Maruti Suzuki,Maruti Baleno,Baleno Sigma MT,N/A,Rs. 6.66 Lakh,N/A,N/A,N/A,N/A,N/A,N/A,N/A,N/A,N/A,N/A,N/A,N/A,N/A,N/A,N/A,N/A,N/A,N/A,N/A,N/A,N/A,N/A,N/A,N/A,N/A,N/A,N/A,N/A
Maruti Suzuki,Maruti Baleno,Baleno Delta MT,N/A,Rs. 7.50 Lakh,N/A,N/A,N/A,N/A,N/A,N/A,N/A,N/A,N/A,N/A,N/A,N/A,N/A,N/A,N/A,N/A,N/A,N/A,N/A,N/A,N/A,N/A,N/A,N/A,N/A,N/A,N/A,N/A
Maruti Suzuki,Maruti Baleno,Baleno Delta AGS,N/A,Rs. 7.95 Lakh,N/A,N/A,N/A,N/A,N/A,N/A,N/A,N/A,N/A,N/A,N/A,N/A,N/A,N/A,N/A,N/A,N/A,N/A,N/A,N/A,N/A,N/A,N/A,N/A,N/A,N/A,N/A,N/A
Maruti Suzuki,Maruti Baleno,Baleno Delta MT CNG,N/A,Rs. 8.40 Lakh,N/A,N/A,N/A,N/A,N/A,N/A,N/A,N/A,N/A,N/A,N/A,N/A,N/A,N/A,N/A,N/A,N/A,N/A,N/A,N/A,N/A,N/A,N/A,N/A,N/A,N/A,N/A,N/A
Maruti Suzuki,Maruti Baleno,Baleno Zeta MT,N/A,Rs. 8.43 Lakh,N/A,N/A,N/A,N/A,N/A,N/A,N/A,N/A,N/A,N/A,N/A,N/A,N/A,N/A,N/A,N/A,N/A,N/A,N/A,N/A,N/A,N/A,N/A,N/A,N/A,N/A,N/A,N/A
Maruti Suzuki,Maruti Baleno,Baleno Zeta AGS,N/A,Rs. 8.88 Lakh,N/A,N/A,N/A,N/A,N/A,N/A,N/A,N/A,N/A,N/A,N/A,N/A,N/A,N/A,N/A,N/A,N/A,N/A,N/A,N/A,N/A,N/A,N/A,N/A,N/A,N/A,N/A,N/A
Maruti Suzuki,Maruti Baleno,Baleno Zeta MT CNG,N/A,Rs. 9.33 Lakh,N/A,N/A,N/A,N/A,N/A,N/A,N/A,N/A,N/A,N/A,N/A,N/A,N/A,N/A,N/A,N/A,N/A,N/A,N/A,N/A,N/A,N/A,N/A,N/A,N/A,N/A,N/A,N/A
Maruti Suzuki,Maruti Baleno,Baleno Alpha MT,N/A,Rs. 9.38 Lakh,N/A,N/A,N/A,N/A,N/A,N/A,N/A,N/A,N/A,N/A,N/A,N/A,N/A,N/A,N/A,N/A,N/A,N/A,N/A,N/A,N/A,N/A,N/A,N/A,N/A,N/A,N/A,N/A
Maruti Suzuki,Maruti Baleno,Baleno Alpha AGS,N/A,Rs. 9.83 Lakh,N/A,N/A,N/A,N/A,N/A,N/A,N/A,N/A,N/A,N/A,N/A,N/A,N/A,N/A,N/A,N/A,N/A,N/A,N/A,N/A,N/A,N/A,N/A,N/A,N/A,N/A,N/A,N/A
Maruti Suzuki,Maruti Alto K10,Alto K10 Std (O),N/A,Rs. 3.99 Lakh,N/A,N/A,N/A,N/A,N/A,N/A,N/A,N/A,N/A,N/A,N/A,N/A,N/A,N/A,N/A,N/A,N/A,N/A,N/A,N/A,N/A,N/A,N/A,N/A,N/A,N/A,N/A,N/A
Maruti Suzuki,Maruti Alto K10,Alto K10 LXi (O),N/A,Rs. 4.83 Lakh,N/A,N/A,N/A,N/A,N/A,N/A,N/A,N/A,N/A,N/A,N/A,N/A,N/A,N/A,N/A,N/A,N/A,N/A,N/A,N/A,N/A,N/A,N/A,N/A,N/A,N/A,N/A,N/A
Maruti Suzuki,Maruti Alto K10,Alto K10 VXi (O),N/A,Rs. 5.06 Lakh,N/A,N/A,N/A,N/A,N/A,N/A,N/A,N/A,N/A,N/A,N/A,N/A,N/A,N/A,N/A,N/A,N/A,N/A,N/A,N/A,N/A,N/A,N/A,N/A,N/A,N/A,N/A,N/A
Maruti Suzuki,Maruti Alto K10,Alto K10 VXi Plus (O),N/A,Rs. 5.35 Lakh,N/A,N/A,N/A,N/A,N/A,N/A,N/A,N/A,N/A,N/A,N/A,N/A,N/A,N/A,N/A,N/A,N/A,N/A,N/A,N/A,N/A,N/A,N/A,N/A,N/A,N/A,N/A,N/A
Maruti Suzuki,Maruti Alto K10,Alto K10 VXi (O) AGS,N/A,Rs. 5.51 Lakh,N/A,N/A,N/A,N/A,N/A,N/A,N/A,N/A,N/A,N/A,N/A,N/A,N/A,N/A,N/A,N/A,N/A,N/A,N/A,N/A,N/A,N/A,N/A,N/A,N/A,N/A,N/A,N/A
Maruti Suzuki,Maruti Alto K10,Alto K10 LXi (O) S-CNG,N/A,Rs. 5.73 Lakh,N/A,N/A,N/A,N/A,N/A,N/A,N/A,N/A,N/A,N/A,N/A,N/A,N/A,N/A,N/A,N/A,N/A,N/A,N/A,N/A,N/A,N/A,N/A,N/A,N/A,N/A,N/A,N/A
Maruti Suzuki,Maruti Alto K10,Alto K10 VXi Plus (O) AGS,N/A,Rs. 5.80 Lakh,N/A,N/A,N/A,N/A,N/A,N/A,N/A,N/A,N/A,N/A,N/A,N/A,N/A,N/A,N/A,N/A,N/A,N/A,N/A,N/A,N/A,N/A,N/A,N/A,N/A,N/A,N/A,N/A
Maruti Suzuki,Maruti Alto K10,Alto K10 VXi (O) S-CNG,N/A,Rs. 5.96 Lakh,N/A,N/A,N/A,N/A,N/A,N/A,N/A,N/A,N/A,N/A,N/A,N/A,N/A,N/A,N/A,N/A,N/A,N/A,N/A,N/A,N/A,N/A,N/A,N/A,N/A,N/A,N/A,N/A
Maruti Suzuki,Maruti Wagon R,Wagon R LXI 1.0,N/A,Rs. 5.54 Lakh,N/A,N/A,N/A,N/A,N/A,N/A,N/A,N/A,N/A,N/A,N/A,N/A,N/A,N/A,N/A,N/A,N/A,N/A,N/A,N/A,N/A,N/A,N/A,N/A,N/A,N/A,N/A,N/A
Maruti Suzuki,Maruti Wagon R,Wagon R VXI 1.0,N/A,Rs. 5.99 Lakh,N/A,N/A,N/A,N/A,N/A,N/A,N/A,N/A,N/A,N/A,N/A,N/A,N/A,N/A,N/A,N/A,N/A,N/A,N/A,N/A,N/A,N/A,N/A,N/A,N/A,N/A,N/A,N/A
Maruti Suzuki,Maruti Wagon R,Wagon R ZXI 1.2,N/A,Rs. 6.28 Lakh,N/A,N/A,N/A,N/A,N/A,N/A,N/A,N/A,N/A,N/A,N/A,N/A,N/A,N/A,N/A,N/A,N/A,N/A,N/A,N/A,N/A,N/A,N/A,N/A,N/A,N/A,N/A,N/A
Maruti Suzuki,Maruti Wagon R,Wagon R LXI 1.0 CNG,N/A,Rs. 6.44 Lakh,N/A,N/A,N/A,N/A,N/A,N/A,N/A,N/A,N/A,N/A,N/A,N/A,N/A,N/A,N/A,N/A,N/A,N/A,N/A,N/A,N/A,N/A,N/A,N/A,N/A,N/A,N/A,N/A
Maruti Suzuki,Maruti Wagon R,Wagon R VXI 1.0 AGS,N/A,Rs. 6.44 Lakh,N/A,N/A,N/A,N/A,N/A,N/A,N/A,N/A,N/A,N/A,N/A,N/A,N/A,N/A,N/A,N/A,N/A,N/A,N/A,N/A,N/A,N/A,N/A,N/A,N/A,N/A,N/A,N/A
Maruti Suzuki,Maruti Wagon R,Wagon R ZXI 1.2 AGS,N/A,Rs. 6.73 Lakh,N/A,N/A,N/A,N/A,N/A,N/A,N/A,N/A,N/A,N/A,N/A,N/A,N/A,N/A,N/A,N/A,N/A,N/A,N/A,N/A,N/A,N/A,N/A,N/A,N/A,N/A,N/A,N/A
Maruti Suzuki,Maruti Wagon R,Wagon R ZXI Plus 1.2,N/A,Rs. 6.75 Lakh,N/A,N/A,N/A,N/A,N/A,N/A,N/A,N/A,N/A,N/A,N/A,N/A,N/A,N/A,N/A,N/A,N/A,N/A,N/A,N/A,N/A,N/A,N/A,N/A,N/A,N/A,N/A,N/A
Maruti Suzuki,Maruti Wagon R,Wagon R ZXI Plus 1.2 Dual Tone,N/A,Rs. 6.87 Lakh,N/A,N/A,N/A,N/A,N/A,N/A,N/A,N/A,N/A,N/A,N/A,N/A,N/A,N/A,N/A,N/A,N/A,N/A,N/A,N/A,N/A,N/A,N/A,N/A,N/A,N/A,N/A,N/A
Maruti Suzuki,Maruti Wagon R,Wagon R VXI 1.0 CNG,N/A,Rs. 6.89 Lakh,N/A,N/A,N/A,N/A,N/A,N/A,N/A,N/A,N/A,N/A,N/A,N/A,N/A,N/A,N/A,N/A,N/A,N/A,N/A,N/A,N/A,N/A,N/A,N/A,N/A,N/A,N/A,N/A
Maruti Suzuki,Maruti Wagon R,Wagon R ZXI Plus 1.2 AGS,N/A,Rs. 7.20 Lakh,N/A,N/A,N/A,N/A,N/A,N/A,N/A,N/A,N/A,N/A,N/A,N/A,N/A,N/A,N/A,N/A,N/A,N/A,N/A,N/A,N/A,N/A,N/A,N/A,N/A,N/A,N/A,N/A
Maruti Suzuki,Maruti Wagon R,Wagon R ZXI Plus 1.2 AGS Dual Tone,N/A,Rs. 7.32 Lakh,N/A,N/A,N/A,N/A,N/A,N/A,N/A,N/A,N/A,N/A,N/A,N/A,N/A,N/A,N/A,N/A,N/A,N/A,N/A,N/A,N/A,N/A,N/A,N/A,N/A,N/A,N/A,N/A
Maruti Suzuki,Maruti Wagon R,UPCOMING,N/A,Rs. 8.50 Lakh,N/A,N/A,N/A,N/A,N/A,N/A,N/A,N/A,N/A,N/A,N/A,N/A,N/A,N/A,N/A,N/A,N/A,N/A,N/A,N/A,N/A,N/A,N/A,N/A,N/A,N/A,N/A,N/A
Maruti Suzuki,Maruti XL6,XL6 Zeta MT Petrol,N/A,Rs. 11.61 Lakh,N/A,N/A,N/A,N/A,N/A,N/A,N/A,N/A,N/A,N/A,N/A,N/A,N/A,N/A,N/A,N/A,N/A,N/A,N/A,N/A,N/A,N/A,N/A,N/A,N/A,N/A,N/A,N/A
Maruti Suzuki,Maruti XL6,XL6 Zeta MT CNG,N/A,Rs. 12.56 Lakh,N/A,N/A,N/A,N/A,N/A,N/A,N/A,N/A,N/A,N/A,N/A,N/A,N/A,N/A,N/A,N/A,N/A,N/A,N/A,N/A,N/A,N/A,N/A,N/A,N/A,N/A,N/A,N/A
Maruti Suzuki,Maruti XL6,XL6 Alpha MT Petrol,N/A,Rs. 12.61 Lakh,N/A,N/A,N/A,N/A,N/A,N/A,N/A,N/A,N/A,N/A,N/A,N/A,N/A,N/A,N/A,N/A,N/A,N/A,N/A,N/A,N/A,N/A,N/A,N/A,N/A,N/A,N/A,N/A
Maruti Suzuki,Maruti XL6,XL6 Zeta AT Petrol,N/A,Rs. 13.01 Lakh,N/A,N/A,N/A,N/A,N/A,N/A,N/A,N/A,N/A,N/A,N/A,N/A,N/A,N/A,N/A,N/A,N/A,N/A,N/A,N/A,N/A,N/A,N/A,N/A,N/A,N/A,N/A,N/A
Maruti Suzuki,Maruti XL6,XL6 Alpha Plus MT Petrol,N/A,Rs. 13.21 Lakh,N/A,N/A,N/A,N/A,N/A,N/A,N/A,N/A,N/A,N/A,N/A,N/A,N/A,N/A,N/A,N/A,N/A,N/A,N/A,N/A,N/A,N/A,N/A,N/A,N/A,N/A,N/A,N/A
Maruti Suzuki,Maruti XL6,XL6 Alpha Plus MT Petrol Dual Tone,N/A,Rs. 13.37 Lakh,N/A,N/A,N/A,N/A,N/A,N/A,N/A,N/A,N/A,N/A,N/A,N/A,N/A,N/A,N/A,N/A,N/A,N/A,N/A,N/A,N/A,N/A,N/A,N/A,N/A,N/A,N/A,N/A
Maruti Suzuki,Maruti XL6,XL6 Alpha AT Petrol,N/A,Rs. 14.01 Lakh,N/A,N/A,N/A,N/A,N/A,N/A,N/A,N/A,N/A,N/A,N/A,N/A,N/A,N/A,N/A,N/A,N/A,N/A,N/A,N/A,N/A,N/A,N/A,N/A,N/A,N/A,N/A,N/A
Maruti Suzuki,Maruti XL6,XL6 Alpha Plus AT Petrol,N/A,Rs. 14.61 Lakh,N/A,N/A,N/A,N/A,N/A,N/A,N/A,N/A,N/A,N/A,N/A,N/A,N/A,N/A,N/A,N/A,N/A,N/A,N/A,N/A,N/A,N/A,N/A,N/A,N/A,N/A,N/A,N/A
Maruti Suzuki,Maruti XL6,XL6 Alpha Plus AT Petrol Dual Tone,N/A,Rs. 14.77 Lakh,N/A,N/A,N/A,N/A,N/A,N/A,N/A,N/A,N/A,N/A,N/A,N/A,N/A,N/A,N/A,N/A,N/A,N/A,N/A,N/A,N/A,N/A,N/A,N/A,N/A,N/A,N/A,N/A
Maruti Suzuki,Maruti Celerio,Celerio LXi,N/A,Rs. 5.36 Lakh,N/A,N/A,N/A,N/A,N/A,N/A,N/A,N/A,N/A,N/A,N/A,N/A,N/A,N/A,N/A,N/A,N/A,N/A,N/A,N/A,N/A,N/A,N/A,N/A,N/A,N/A,N/A,N/A
Maruti Suzuki,Maruti Celerio,Celerio VXi,N/A,Rs. 5.83 Lakh,N/A,N/A,N/A,N/A,N/A,N/A,N/A,N/A,N/A,N/A,N/A,N/A,N/A,N/A,N/A,N/A,N/A,N/A,N/A,N/A,N/A,N/A,N/A,N/A,N/A,N/A,N/A,N/A
Maruti Suzuki,Maruti Celerio,Celerio ZXi,N/A,Rs. 6.11 Lakh,N/A,N/A,N/A,N/A,N/A,N/A,N/A,N/A,N/A,N/A,N/A,N/A,N/A,N/A,N/A,N/A,N/A,N/A,N/A,N/A,N/A,N/A,N/A,N/A,N/A,N/A,N/A,N/A
Maruti Suzuki,Maruti Celerio,Celerio VXi AMT,N/A,Rs. 6.29 Lakh,N/A,N/A,N/A,N/A,N/A,N/A,N/A,N/A,N/A,N/A,N/A,N/A,N/A,N/A,N/A,N/A,N/A,N/A,N/A,N/A,N/A,N/A,N/A,N/A,N/A,N/A,N/A,N/A
Maruti Suzuki,Maruti Celerio,Celerio ZXi AMT,N/A,Rs. 6.57 Lakh,N/A,N/A,N/A,N/A,N/A,N/A,N/A,N/A,N/A,N/A,N/A,N/A,N/A,N/A,N/A,N/A,N/A,N/A,N/A,N/A,N/A,N/A,N/A,N/A,N/A,N/A,N/A,N/A
Maruti Suzuki,Maruti Celerio,Celerio ZXi Plus,N/A,Rs. 6.59 Lakh,N/A,N/A,N/A,N/A,N/A,N/A,N/A,N/A,N/A,N/A,N/A,N/A,N/A,N/A,N/A,N/A,N/A,N/A,N/A,N/A,N/A,N/A,N/A,N/A,N/A,N/A,N/A,N/A
Maruti Suzuki,Maruti Celerio,Celerio VXi CNG,N/A,Rs. 6.73 Lakh,N/A,N/A,N/A,N/A,N/A,N/A,N/A,N/A,N/A,N/A,N/A,N/A,N/A,N/A,N/A,N/A,N/A,N/A,N/A,N/A,N/A,N/A,N/A,N/A,N/A,N/A,N/A,N/A
Maruti Suzuki,Maruti Celerio,Celerio ZXi Plus AMT,N/A,Rs. 7.05 Lakh,N/A,N/A,N/A,N/A,N/A,N/A,N/A,N/A,N/A,N/A,N/A,N/A,N/A,N/A,N/A,N/A,N/A,N/A,N/A,N/A,N/A,N/A,N/A,N/A,N/A,N/A,N/A,N/A
Maruti Suzuki,Maruti S-Presso,S-Presso Std (O),N/A,Rs. 4.26 Lakh,N/A,N/A,N/A,N/A,N/A,N/A,N/A,N/A,N/A,N/A,N/A,N/A,N/A,N/A,N/A,N/A,N/A,N/A,N/A,N/A,N/A,N/A,N/A,N/A,N/A,N/A,N/A,N/A
Maruti Suzuki,Maruti S-Presso,S-Presso Lxi (O),N/A,Rs. 4.99 Lakh,N/A,N/A,N/A,N/A,N/A,N/A,N/A,N/A,N/A,N/A,N/A,N/A,N/A,N/A,N/A,N/A,N/A,N/A,N/A,N/A,N/A,N/A,N/A,N/A,N/A,N/A,N/A,N/A
Maruti Suzuki,Maruti S-Presso,S-Presso VXi (O),N/A,Rs. 5.21 Lakh,N/A,N/A,N/A,N/A,N/A,N/A,N/A,N/A,N/A,N/A,N/A,N/A,N/A,N/A,N/A,N/A,N/A,N/A,N/A,N/A,N/A,N/A,N/A,N/A,N/A,N/A,N/A,N/A
Maruti Suzuki,Maruti S-Presso,S-Presso Vxi Plus (O),N/A,Rs. 5.50 Lakh,N/A,N/A,N/A,N/A,N/A,N/A,N/A,N/A,N/A,N/A,N/A,N/A,N/A,N/A,N/A,N/A,N/A,N/A,N/A,N/A,N/A,N/A,N/A,N/A,N/A,N/A,N/A,N/A
Maruti Suzuki,Maruti S-Presso,S-Presso VXi (O) AMT,N/A,Rs. 5.66 Lakh,N/A,N/A,N/A,N/A,N/A,N/A,N/A,N/A,N/A,N/A,N/A,N/A,N/A,N/A,N/A,N/A,N/A,N/A,N/A,N/A,N/A,N/A,N/A,N/A,N/A,N/A,N/A,N/A
Maruti Suzuki,Maruti S-Presso,S-Presso LXi (O) S-CNG,N/A,Rs. 5.91 Lakh,N/A,N/A,N/A,N/A,N/A,N/A,N/A,N/A,N/A,N/A,N/A,N/A,N/A,N/A,N/A,N/A,N/A,N/A,N/A,N/A,N/A,N/A,N/A,N/A,N/A,N/A,N/A,N/A
Maruti Suzuki,Maruti S-Presso,S-Presso VXi Plus (O) AMT,N/A,Rs. 5.95 Lakh,N/A,N/A,N/A,N/A,N/A,N/A,N/A,N/A,N/A,N/A,N/A,N/A,N/A,N/A,N/A,N/A,N/A,N/A,N/A,N/A,N/A,N/A,N/A,N/A,N/A,N/A,N/A,N/A
Maruti Suzuki,Maruti S-Presso,S-Presso VXi (O) S-CNG,N/A,Rs. 6.11 Lakh,N/A,N/A,N/A,N/A,N/A,N/A,N/A,N/A,N/A,N/A,N/A,N/A,N/A,N/A,N/A,N/A,N/A,N/A,N/A,N/A,N/A,N/A,N/A,N/A,N/A,N/A,N/A,N/A
Maruti Suzuki,Maruti Ignis,Ignis Sigma 1.2 MT,N/A,Rs. 5.84 Lakh,N/A,N/A,N/A,N/A,N/A,N/A,N/A,N/A,N/A,N/A,N/A,N/A,N/A,N/A,N/A,N/A,N/A,N/A,N/A,N/A,N/A,N/A,N/A,N/A,N/A,N/A,N/A,N/A
Maruti Suzuki,Maruti Ignis,Ignis Delta 1.2 MT,N/A,Rs. 6.38 Lakh,N/A,N/A,N/A,N/A,N/A,N/A,N/A,N/A,N/A,N/A,N/A,N/A,N/A,N/A,N/A,N/A,N/A,N/A,N/A,N/A,N/A,N/A,N/A,N/A,N/A,N/A,N/A,N/A
Maruti Suzuki,Maruti Ignis,Ignis Delta 1.2 AMT,N/A,Rs. 6.84 Lakh,N/A,N/A,N/A,N/A,N/A,N/A,N/A,N/A,N/A,N/A,N/A,N/A,N/A,N/A,N/A,N/A,N/A,N/A,N/A,N/A,N/A,N/A,N/A,N/A,N/A,N/A,N/A,N/A
Maruti Suzuki,Maruti Ignis,Ignis Zeta 1.2 MT,N/A,Rs. 6.96 Lakh,N/A,N/A,N/A,N/A,N/A,N/A,N/A,N/A,N/A,N/A,N/A,N/A,N/A,N/A,N/A,N/A,N/A,N/A,N/A,N/A,N/A,N/A,N/A,N/A,N/A,N/A,N/A,N/A
Maruti Suzuki,Maruti Ignis,Ignis Zeta 1.2 MT Dual Tone,N/A,Rs. 7.10 Lakh,N/A,N/A,N/A,N/A,N/A,N/A,N/A,N/A,N/A,N/A,N/A,N/A,N/A,N/A,N/A,N/A,N/A,N/A,N/A,N/A,N/A,N/A,N/A,N/A,N/A,N/A,N/A,N/A
Maruti Suzuki,Maruti Ignis,Ignis Zeta 1.2 AMT,N/A,Rs. 7.42 Lakh,N/A,N/A,N/A,N/A,N/A,N/A,N/A,N/A,N/A,N/A,N/A,N/A,N/A,N/A,N/A,N/A,N/A,N/A,N/A,N/A,N/A,N/A,N/A,N/A,N/A,N/A,N/A,N/A
Maruti Suzuki,Maruti Ignis,Ignis Zeta 1.2 AMT Dual Tone,N/A,Rs. 7.56 Lakh,N/A,N/A,N/A,N/A,N/A,N/A,N/A,N/A,N/A,N/A,N/A,N/A,N/A,N/A,N/A,N/A,N/A,N/A,N/A,N/A,N/A,N/A,N/A,N/A,N/A,N/A,N/A,N/A
Maruti Suzuki,Maruti Ignis,Ignis Alpha 1.2 MT,N/A,Rs. 7.61 Lakh,N/A,N/A,N/A,N/A,N/A,N/A,N/A,N/A,N/A,N/A,N/A,N/A,N/A,N/A,N/A,N/A,N/A,N/A,N/A,N/A,N/A,N/A,N/A,N/A,N/A,N/A,N/A,N/A
Maruti Suzuki,Maruti Ignis,Ignis Alpha 1.2 MT Dual Tone,N/A,Rs. 7.75 Lakh,N/A,N/A,N/A,N/A,N/A,N/A,N/A,N/A,N/A,N/A,N/A,N/A,N/A,N/A,N/A,N/A,N/A,N/A,N/A,N/A,N/A,N/A,N/A,N/A,N/A,N/A,N/A,N/A
Maruti Suzuki,Maruti Ignis,Ignis Alpha 1.2 AMT,N/A,Rs. 8.07 Lakh,N/A,N/A,N/A,N/A,N/A,N/A,N/A,N/A,N/A,N/A,N/A,N/A,N/A,N/A,N/A,N/A,N/A,N/A,N/A,N/A,N/A,N/A,N/A,N/A,N/A,N/A,N/A,N/A
Maruti Suzuki,Maruti Ignis,Ignis Alpha 1.2 AMT Dual Tone,N/A,Rs. 8.20 Lakh,N/A,N/A,N/A,N/A,N/A,N/A,N/A,N/A,N/A,N/A,N/A,N/A,N/A,N/A,N/A,N/A,N/A,N/A,N/A,N/A,N/A,N/A,N/A,N/A,N/A,N/A,N/A,N/A
Maruti Suzuki,Maruti Jimny,Jimny Zeta MT,N/A,Rs. 12.74 Lakh,N/A,N/A,N/A,N/A,N/A,N/A,N/A,N/A,N/A,N/A,N/A,N/A,N/A,N/A,N/A,N/A,N/A,N/A,N/A,N/A,N/A,N/A,N/A,N/A,N/A,N/A,N/A,N/A
Maruti Suzuki,Maruti Jimny,Jimny Alpha MT,N/A,Rs. 13.69 Lakh,N/A,N/A,N/A,N/A,N/A,N/A,N/A,N/A,N/A,N/A,N/A,N/A,N/A,N/A,N/A,N/A,N/A,N/A,N/A,N/A,N/A,N/A,N/A,N/A,N/A,N/A,N/A,N/A
Maruti Suzuki,Maruti Jimny,Jimny Alpha MT Dual Tone,N/A,Rs. 13.85 Lakh,N/A,N/A,N/A,N/A,N/A,N/A,N/A,N/A,N/A,N/A,N/A,N/A,N/A,N/A,N/A,N/A,N/A,N/A,N/A,N/A,N/A,N/A,N/A,N/A,N/A,N/A,N/A,N/A
Maruti Suzuki,Maruti Jimny,Jimny Zeta AT,N/A,Rs. 13.89 Lakh,N/A,N/A,N/A,N/A,N/A,N/A,N/A,N/A,N/A,N/A,N/A,N/A,N/A,N/A,N/A,N/A,N/A,N/A,N/A,N/A,N/A,N/A,N/A,N/A,N/A,N/A,N/A,N/A
Maruti Suzuki,Maruti Jimny,Jimny Alpha AT,N/A,Rs. 14.84 Lakh,N/A,N/A,N/A,N/A,N/A,N/A,N/A,N/A,N/A,N/A,N/A,N/A,N/A,N/A,N/A,N/A,N/A,N/A,N/A,N/A,N/A,N/A,N/A,N/A,N/A,N/A,N/A,N/A
Maruti Suzuki,Maruti Jimny,Jimny Alpha AT Dual Tone,N/A,Rs. 15.00 Lakh,N/A,N/A,N/A,N/A,N/A,N/A,N/A,N/A,N/A,N/A,N/A,N/A,N/A,N/A,N/A,N/A,N/A,N/A,N/A,N/A,N/A,N/A,N/A,N/A,N/A,N/A,N/A,N/A
Maruti Suzuki,Maruti Ciaz,Ciaz Sigma 1.5,N/A,Rs. 9.40 Lakh,N/A,N/A,N/A,N/A,N/A,N/A,N/A,N/A,N/A,N/A,N/A,N/A,N/A,N/A,N/A,N/A,N/A,N/A,N/A,N/A,N/A,N/A,N/A,N/A,N/A,N/A,N/A,N/A
Maruti Suzuki,Maruti Ciaz,Ciaz Delta 1.5,N/A,Rs. 10.00 Lakh,N/A,N/A,N/A,N/A,N/A,N/A,N/A,N/A,N/A,N/A,N/A,N/A,N/A,N/A,N/A,N/A,N/A,N/A,N/A,N/A,N/A,N/A,N/A,N/A,N/A,N/A,N/A,N/A
Maruti Suzuki,Maruti Ciaz,Ciaz Zeta 1.5,N/A,Rs. 10.40 Lakh,N/A,N/A,N/A,N/A,N/A,N/A,N/A,N/A,N/A,N/A,N/A,N/A,N/A,N/A,N/A,N/A,N/A,N/A,N/A,N/A,N/A,N/A,N/A,N/A,N/A,N/A,N/A,N/A
Maruti Suzuki,Maruti Ciaz,Ciaz Delta 1.5 AT,N/A,Rs. 11.10 Lakh,N/A,N/A,N/A,N/A,N/A,N/A,N/A,N/A,N/A,N/A,N/A,N/A,N/A,N/A,N/A,N/A,N/A,N/A,N/A,N/A,N/A,N/A,N/A,N/A,N/A,N/A,N/A,N/A
Maruti Suzuki,Maruti Ciaz,Ciaz Alpha 1.5,N/A,Rs. 11.19 Lakh,N/A,N/A,N/A,N/A,N/A,N/A,N/A,N/A,N/A,N/A,N/A,N/A,N/A,N/A,N/A,N/A,N/A,N/A,N/A,N/A,N/A,N/A,N/A,N/A,N/A,N/A,N/A,N/A
Maruti Suzuki,Maruti Ciaz,Ciaz Alpha 1.5 Dual Tone,N/A,Rs. 11.35 Lakh,N/A,N/A,N/A,N/A,N/A,N/A,N/A,N/A,N/A,N/A,N/A,N/A,N/A,N/A,N/A,N/A,N/A,N/A,N/A,N/A,N/A,N/A,N/A,N/A,N/A,N/A,N/A,N/A
Maruti Suzuki,Maruti Ciaz,Ciaz Zeta 1.5 AT,N/A,Rs. 11.50 Lakh,N/A,N/A,N/A,N/A,N/A,N/A,N/A,N/A,N/A,N/A,N/A,N/A,N/A,N/A,N/A,N/A,N/A,N/A,N/A,N/A,N/A,N/A,N/A,N/A,N/A,N/A,N/A,N/A
Maruti Suzuki,Maruti Ciaz,Ciaz Alpha 1.5 AT,N/A,Rs. 12.29 Lakh,N/A,N/A,N/A,N/A,N/A,N/A,N/A,N/A,N/A,N/A,N/A,N/A,N/A,N/A,N/A,N/A,N/A,N/A,N/A,N/A,N/A,N/A,N/A,N/A,N/A,N/A,N/A,N/A
Maruti Suzuki,Maruti Ciaz,Ciaz Alpha 1.5 AT Dual Tone,N/A,Rs. 12.45 Lakh,N/A,N/A,N/A,N/A,N/A,N/A,N/A,N/A,N/A,N/A,N/A,N/A,N/A,N/A,N/A,N/A,N/A,N/A,N/A,N/A,N/A,N/A,N/A,N/A,N/A,N/A,N/A,N/A
Maruti Suzuki,Maruti Invicto,Invicto Zeta Plus 7 STR,N/A,Rs. 25.05 Lakh,N/A,N/A,N/A,N/A,N/A,N/A,N/A,N/A,N/A,N/A,N/A,N/A,N/A,N/A,N/A,N/A,N/A,N/A,N/A,N/A,N/A,N/A,N/A,N/A,N/A,N/A,N/A,N/A
Maruti Suzuki,Maruti Invicto,Invicto Zeta Plus 8 STR,N/A,Rs. 25.10 Lakh,N/A,N/A,N/A,N/A,N/A,N/A,N/A,N/A,N/A,N/A,N/A,N/A,N/A,N/A,N/A,N/A,N/A,N/A,N/A,N/A,N/A,N/A,N/A,N/A,N/A,N/A,N/A,N/A
Maruti Suzuki,Maruti Invicto,Invicto Alpha Plus 7 STR,N/A,Rs. 28.72 Lakh,N/A,N/A,N/A,N/A,N/A,N/A,N/A,N/A,N/A,N/A,N/A,N/A,N/A,N/A,N/A,N/A,N/A,N/A,N/A,N/A,N/A,N/A,N/A,N/A,N/A,N/A,N/A,N/A
Maruti Suzuki,Maruti Eeco,Eeco 5 STR STD,N/A,Rs. 5.32 Lakh,N/A,N/A,N/A,N/A,N/A,N/A,N/A,N/A,N/A,N/A,N/A,N/A,N/A,N/A,N/A,N/A,N/A,N/A,N/A,N/A,N/A,N/A,N/A,N/A,N/A,N/A,N/A,N/A
Maruti Suzuki,Maruti Eeco,Eeco 7 STR STD,N/A,Rs. 5.61 Lakh,N/A,N/A,N/A,N/A,N/A,N/A,N/A,N/A,N/A,N/A,N/A,N/A,N/A,N/A,N/A,N/A,N/A,N/A,N/A,N/A,N/A,N/A,N/A,N/A,N/A,N/A,N/A,N/A
Maruti Suzuki,Maruti Eeco,Eeco 5 STR AC,N/A,Rs. 5.68 Lakh,N/A,N/A,N/A,N/A,N/A,N/A,N/A,N/A,N/A,N/A,N/A,N/A,N/A,N/A,N/A,N/A,N/A,N/A,N/A,N/A,N/A,N/A,N/A,N/A,N/A,N/A,N/A,N/A
Maruti Suzuki,Maruti Eeco,Eeco 5 STR AC CNG,N/A,Rs. 6.58 Lakh,N/A,N/A,N/A,N/A,N/A,N/A,N/A,N/A,N/A,N/A,N/A,N/A,N/A,N/A,N/A,N/A,N/A,N/A,N/A,N/A,N/A,N/A,N/A,N/A,N/A,N/A,N/A,N/A
Maruti Suzuki,Maruti Wagon R Flex Fuel,Wagon R LXI 1.0,N/A,Rs. 5.54 Lakh,N/A,N/A,N/A,N/A,N/A,N/A,N/A,N/A,N/A,N/A,N/A,N/A,N/A,N/A,N/A,N/A,N/A,N/A,N/A,N/A,N/A,N/A,N/A,N/A,N/A,N/A,N/A,N/A
Maruti Suzuki,Maruti Wagon R Flex Fuel,Wagon R VXI 1.0,N/A,Rs. 5.99 Lakh,N/A,N/A,N/A,N/A,N/A,N/A,N/A,N/A,N/A,N/A,N/A,N/A,N/A,N/A,N/A,N/A,N/A,N/A,N/A,N/A,N/A,N/A,N/A,N/A,N/A,N/A,N/A,N/A
Maruti Suzuki,Maruti Wagon R Flex Fuel,Wagon R ZXI 1.2,N/A,Rs. 6.28 Lakh,N/A,N/A,N/A,N/A,N/A,N/A,N/A,N/A,N/A,N/A,N/A,N/A,N/A,N/A,N/A,N/A,N/A,N/A,N/A,N/A,N/A,N/A,N/A,N/A,N/A,N/A,N/A,N/A
Maruti Suzuki,Maruti Wagon R Flex Fuel,Wagon R LXI 1.0 CNG,N/A,Rs. 6.44 Lakh,N/A,N/A,N/A,N/A,N/A,N/A,N/A,N/A,N/A,N/A,N/A,N/A,N/A,N/A,N/A,N/A,N/A,N/A,N/A,N/A,N/A,N/A,N/A,N/A,N/A,N/A,N/A,N/A
Maruti Suzuki,Maruti Wagon R Flex Fuel,Wagon R VXI 1.0 AGS,N/A,Rs. 6.44 Lakh,N/A,N/A,N/A,N/A,N/A,N/A,N/A,N/A,N/A,N/A,N/A,N/A,N/A,N/A,N/A,N/A,N/A,N/A,N/A,N/A,N/A,N/A,N/A,N/A,N/A,N/A,N/A,N/A
Maruti Suzuki,Maruti Wagon R Flex Fuel,Wagon R ZXI 1.2 AGS,N/A,Rs. 6.73 Lakh,N/A,N/A,N/A,N/A,N/A,N/A,N/A,N/A,N/A,N/A,N/A,N/A,N/A,N/A,N/A,N/A,N/A,N/A,N/A,N/A,N/A,N/A,N/A,N/A,N/A,N/A,N/A,N/A
Maruti Suzuki,Maruti Wagon R Flex Fuel,Wagon R ZXI Plus 1.2,N/A,Rs. 6.75 Lakh,N/A,N/A,N/A,N/A,N/A,N/A,N/A,N/A,N/A,N/A,N/A,N/A,N/A,N/A,N/A,N/A,N/A,N/A,N/A,N/A,N/A,N/A,N/A,N/A,N/A,N/A,N/A,N/A
Maruti Suzuki,Maruti Wagon R Flex Fuel,Wagon R ZXI Plus 1.2 Dual Tone,N/A,Rs. 6.87 Lakh,N/A,N/A,N/A,N/A,N/A,N/A,N/A,N/A,N/A,N/A,N/A,N/A,N/A,N/A,N/A,N/A,N/A,N/A,N/A,N/A,N/A,N/A,N/A,N/A,N/A,N/A,N/A,N/A
Maruti Suzuki,Maruti Wagon R Flex Fuel,Wagon R VXI 1.0 CNG,N/A,Rs. 6.89 Lakh,N/A,N/A,N/A,N/A,N/A,N/A,N/A,N/A,N/A,N/A,N/A,N/A,N/A,N/A,N/A,N/A,N/A,N/A,N/A,N/A,N/A,N/A,N/A,N/A,N/A,N/A,N/A,N/A
Maruti Suzuki,Maruti Wagon R Flex Fuel,Wagon R ZXI Plus 1.2 AGS,N/A,Rs. 7.20 Lakh,N/A,N/A,N/A,N/A,N/A,N/A,N/A,N/A,N/A,N/A,N/A,N/A,N/A,N/A,N/A,N/A,N/A,N/A,N/A,N/A,N/A,N/A,N/A,N/A,N/A,N/A,N/A,N/A
Maruti Suzuki,Maruti Wagon R Flex Fuel,Wagon R ZXI Plus 1.2 AGS Dual Tone,N/A,Rs. 7.32 Lakh,N/A,N/A,N/A,N/A,N/A,N/A,N/A,N/A,N/A,N/A,N/A,N/A,N/A,N/A,N/A,N/A,N/A,N/A,N/A,N/A,N/A,N/A,N/A,N/A,N/A,N/A,N/A,N/A
Maruti Suzuki,Maruti Wagon R Flex Fuel,UPCOMING,N/A,Rs. 8.50 Lakh,N/A,N/A,N/A,N/A,N/A,N/A,N/A,N/A,N/A,N/A,N/A,N/A,N/A,N/A,N/A,N/A,N/A,N/A,N/A,N/A,N/A,N/A,N/A,N/A,N/A,N/A,N/A,N/A
Mahindra,Mahindra Be 6,Be 6 Pack One,N/A,Rs. 18.90 Lakh,N/A,N/A,N/A,N/A,N/A,N/A,N/A,N/A,N/A,N/A,N/A,N/A,N/A,N/A,N/A,N/A,N/A,N/A,N/A,N/A,N/A,N/A,N/A,N/A,N/A,N/A,N/A,N/A
Mahindra,Mahindra XUV 3XO,XUV 3XO MX1 1.2 Petrol,N/A,Rs. 7.79 Lakh,N/A,N/A,N/A,N/A,N/A,N/A,N/A,N/A,N/A,N/A,N/A,N/A,N/A,N/A,N/A,N/A,N/A,N/A,N/A,N/A,N/A,N/A,N/A,N/A,N/A,N/A,N/A,N/A
Mahindra,Mahindra XUV 3XO,XUV 3XO MX2 Pro 1.2 Petrol,N/A,Rs. 9.24 Lakh,N/A,N/A,N/A,N/A,N/A,N/A,N/A,N/A,N/A,N/A,N/A,N/A,N/A,N/A,N/A,N/A,N/A,N/A,N/A,N/A,N/A,N/A,N/A,N/A,N/A,N/A,N/A,N/A
Mahindra,Mahindra XUV 3XO,XUV 3XO MX3 1.2 Petrol,N/A,Rs. 9.74 Lakh,N/A,N/A,N/A,N/A,N/A,N/A,N/A,N/A,N/A,N/A,N/A,N/A,N/A,N/A,N/A,N/A,N/A,N/A,N/A,N/A,N/A,N/A,N/A,N/A,N/A,N/A,N/A,N/A
Mahindra,Mahindra XUV 3XO,XUV 3XO MX2 1.5 Diesel,N/A,Rs. 9.99 Lakh,N/A,N/A,N/A,N/A,N/A,N/A,N/A,N/A,N/A,N/A,N/A,N/A,N/A,N/A,N/A,N/A,N/A,N/A,N/A,N/A,N/A,N/A,N/A,N/A,N/A,N/A,N/A,N/A
Mahindra,Mahindra XUV 3XO,XUV 3XO MX3 Pro 1.2 Petrol,N/A,Rs. 9.99 Lakh,N/A,N/A,N/A,N/A,N/A,N/A,N/A,N/A,N/A,N/A,N/A,N/A,N/A,N/A,N/A,N/A,N/A,N/A,N/A,N/A,N/A,N/A,N/A,N/A,N/A,N/A,N/A,N/A
Mahindra,Mahindra XUV 3XO,XUV 3XO MX2 Pro 1.2 Petrol AT,N/A,Rs. 10.24 Lakh,N/A,N/A,N/A,N/A,N/A,N/A,N/A,N/A,N/A,N/A,N/A,N/A,N/A,N/A,N/A,N/A,N/A,N/A,N/A,N/A,N/A,N/A,N/A,N/A,N/A,N/A,N/A,N/A
Mahindra,Mahindra XUV 3XO,XUV 3XO MX2 Pro 1.5 Diesel,N/A,Rs. 10.49 Lakh,N/A,N/A,N/A,N/A,N/A,N/A,N/A,N/A,N/A,N/A,N/A,N/A,N/A,N/A,N/A,N/A,N/A,N/A,N/A,N/A,N/A,N/A,N/A,N/A,N/A,N/A,N/A,N/A
Mahindra,Mahindra XUV 3XO,XUV 3XO MX3 1.5 Diesel,N/A,Rs. 10.99 Lakh,N/A,N/A,N/A,N/A,N/A,N/A,N/A,N/A,N/A,N/A,N/A,N/A,N/A,N/A,N/A,N/A,N/A,N/A,N/A,N/A,N/A,N/A,N/A,N/A,N/A,N/A,N/A,N/A
Mahindra,Mahindra XUV 3XO,XUV 3XO AX5 1.2 Petrol,N/A,Rs. 10.99 Lakh,N/A,N/A,N/A,N/A,N/A,N/A,N/A,N/A,N/A,N/A,N/A,N/A,N/A,N/A,N/A,N/A,N/A,N/A,N/A,N/A,N/A,N/A,N/A,N/A,N/A,N/A,N/A,N/A
Mahindra,Mahindra XUV 3XO,XUV 3XO MX3 1.2 Petrol AT,N/A,Rs. 11.24 Lakh,N/A,N/A,N/A,N/A,N/A,N/A,N/A,N/A,N/A,N/A,N/A,N/A,N/A,N/A,N/A,N/A,N/A,N/A,N/A,N/A,N/A,N/A,N/A,N/A,N/A,N/A,N/A,N/A
Mahindra,Mahindra XUV 3XO,XUV 3XO MX3 Pro 1.5 Diesel,N/A,Rs. 11.39 Lakh,N/A,N/A,N/A,N/A,N/A,N/A,N/A,N/A,N/A,N/A,N/A,N/A,N/A,N/A,N/A,N/A,N/A,N/A,N/A,N/A,N/A,N/A,N/A,N/A,N/A,N/A,N/A,N/A
Mahindra,Mahindra XUV 3XO,XUV 3XO MX3 Pro 1.2 Petrol AT,N/A,Rs. 11.49 Lakh,N/A,N/A,N/A,N/A,N/A,N/A,N/A,N/A,N/A,N/A,N/A,N/A,N/A,N/A,N/A,N/A,N/A,N/A,N/A,N/A,N/A,N/A,N/A,N/A,N/A,N/A,N/A,N/A
Mahindra,Mahindra XUV 3XO,XUV 3XO MX3 1.5 Diesel Autoshift Plus,N/A,Rs. 11.79 Lakh,N/A,N/A,N/A,N/A,N/A,N/A,N/A,N/A,N/A,N/A,N/A,N/A,N/A,N/A,N/A,N/A,N/A,N/A,N/A,N/A,N/A,N/A,N/A,N/A,N/A,N/A,N/A,N/A
Mahindra,Mahindra XUV 3XO,XUV 3XO AX5 1.5 Diesel,N/A,Rs. 12.19 Lakh,N/A,N/A,N/A,N/A,N/A,N/A,N/A,N/A,N/A,N/A,N/A,N/A,N/A,N/A,N/A,N/A,N/A,N/A,N/A,N/A,N/A,N/A,N/A,N/A,N/A,N/A,N/A,N/A
Mahindra,Mahindra XUV 3XO,XUV 3XO AX5L 1.2 Petrol,N/A,Rs. 12.24 Lakh,N/A,N/A,N/A,N/A,N/A,N/A,N/A,N/A,N/A,N/A,N/A,N/A,N/A,N/A,N/A,N/A,N/A,N/A,N/A,N/A,N/A,N/A,N/A,N/A,N/A,N/A,N/A,N/A
Mahindra,Mahindra XUV 3XO,XUV 3XO AX7 1.2 Petrol,N/A,Rs. 12.49 Lakh,N/A,N/A,N/A,N/A,N/A,N/A,N/A,N/A,N/A,N/A,N/A,N/A,N/A,N/A,N/A,N/A,N/A,N/A,N/A,N/A,N/A,N/A,N/A,N/A,N/A,N/A,N/A,N/A
Mahindra,Mahindra XUV 3XO,XUV 3XO AX5 1.2 Petrol AT,N/A,Rs. 12.49 Lakh,N/A,N/A,N/A,N/A,N/A,N/A,N/A,N/A,N/A,N/A,N/A,N/A,N/A,N/A,N/A,N/A,N/A,N/A,N/A,N/A,N/A,N/A,N/A,N/A,N/A,N/A,N/A,N/A
Mahindra,Mahindra XUV 3XO,XUV 3XO AX5 1.5 Diesel Autoshift Plus,N/A,Rs. 12.99 Lakh,N/A,N/A,N/A,N/A,N/A,N/A,N/A,N/A,N/A,N/A,N/A,N/A,N/A,N/A,N/A,N/A,N/A,N/A,N/A,N/A,N/A,N/A,N/A,N/A,N/A,N/A,N/A,N/A
Mahindra,Mahindra XUV 3XO,XUV 3XO AX7 1.5 Diesel,N/A,Rs. 13.69 Lakh,N/A,N/A,N/A,N/A,N/A,N/A,N/A,N/A,N/A,N/A,N/A,N/A,N/A,N/A,N/A,N/A,N/A,N/A,N/A,N/A,N/A,N/A,N/A,N/A,N/A,N/A,N/A,N/A
Mahindra,Mahindra XUV 3XO,XUV 3XO AX5L 1.2 Petrol AT,N/A,Rs. 13.74 Lakh,N/A,N/A,N/A,N/A,N/A,N/A,N/A,N/A,N/A,N/A,N/A,N/A,N/A,N/A,N/A,N/A,N/A,N/A,N/A,N/A,N/A,N/A,N/A,N/A,N/A,N/A,N/A,N/A
Mahindra,Mahindra XUV 3XO,XUV 3XO AX7L 1.2 Petrol,N/A,Rs. 13.99 Lakh,N/A,N/A,N/A,N/A,N/A,N/A,N/A,N/A,N/A,N/A,N/A,N/A,N/A,N/A,N/A,N/A,N/A,N/A,N/A,N/A,N/A,N/A,N/A,N/A,N/A,N/A,N/A,N/A
Mahindra,Mahindra XUV 3XO,XUV 3XO AX7 1.2 Petrol AT,N/A,Rs. 13.99 Lakh,N/A,N/A,N/A,N/A,N/A,N/A,N/A,N/A,N/A,N/A,N/A,N/A,N/A,N/A,N/A,N/A,N/A,N/A,N/A,N/A,N/A,N/A,N/A,N/A,N/A,N/A,N/A,N/A
Mahindra,Mahindra XUV 3XO,XUV 3XO AX7 1.5 Diesel Autoshift Plus,N/A,Rs. 14.49 Lakh,N/A,N/A,N/A,N/A,N/A,N/A,N/A,N/A,N/A,N/A,N/A,N/A,N/A,N/A,N/A,N/A,N/A,N/A,N/A,N/A,N/A,N/A,N/A,N/A,N/A,N/A,N/A,N/A
Mahindra,Mahindra XUV 3XO,XUV 3XO AX7L 1.5 Diesel,N/A,Rs. 14.99 Lakh,N/A,N/A,N/A,N/A,N/A,N/A,N/A,N/A,N/A,N/A,N/A,N/A,N/A,N/A,N/A,N/A,N/A,N/A,N/A,N/A,N/A,N/A,N/A,N/A,N/A,N/A,N/A,N/A
Mahindra,Mahindra XUV 3XO,XUV 3XO AX7L 1.2 Petrol AT,N/A,Rs. 15.49 Lakh,N/A,N/A,N/A,N/A,N/A,N/A,N/A,N/A,N/A,N/A,N/A,N/A,N/A,N/A,N/A,N/A,N/A,N/A,N/A,N/A,N/A,N/A,N/A,N/A,N/A,N/A,N/A,N/A
Mahindra,Mahindra Scorpio N,Scorpio N Z2 Petrol MT 7 STR,N/A,Rs. 13.85 Lakh,N/A,N/A,N/A,N/A,N/A,N/A,N/A,N/A,N/A,N/A,N/A,N/A,N/A,N/A,N/A,N/A,N/A,N/A,N/A,N/A,N/A,N/A,N/A,N/A,N/A,N/A,N/A,N/A
Mahindra,Mahindra Scorpio N,Scorpio N Z2 Diesel MT 7 STR,N/A,Rs. 14.25 Lakh,N/A,N/A,N/A,N/A,N/A,N/A,N/A,N/A,N/A,N/A,N/A,N/A,N/A,N/A,N/A,N/A,N/A,N/A,N/A,N/A,N/A,N/A,N/A,N/A,N/A,N/A,N/A,N/A
Mahindra,Mahindra Scorpio N,Scorpio N Z2 Petrol MT 7 STR (ESP),N/A,Rs. 14.35 Lakh,N/A,N/A,N/A,N/A,N/A,N/A,N/A,N/A,N/A,N/A,N/A,N/A,N/A,N/A,N/A,N/A,N/A,N/A,N/A,N/A,N/A,N/A,N/A,N/A,N/A,N/A,N/A,N/A
Mahindra,Mahindra Scorpio N,Scorpio N Z2 Diesel MT 7 STR (ESP),N/A,Rs. 14.75 Lakh,N/A,N/A,N/A,N/A,N/A,N/A,N/A,N/A,N/A,N/A,N/A,N/A,N/A,N/A,N/A,N/A,N/A,N/A,N/A,N/A,N/A,N/A,N/A,N/A,N/A,N/A,N/A,N/A
Mahindra,Mahindra Scorpio N,Scorpio N Z4 Petrol MT 7 STR,N/A,Rs. 15.49 Lakh,N/A,N/A,N/A,N/A,N/A,N/A,N/A,N/A,N/A,N/A,N/A,N/A,N/A,N/A,N/A,N/A,N/A,N/A,N/A,N/A,N/A,N/A,N/A,N/A,N/A,N/A,N/A,N/A
Mahindra,Mahindra Scorpio N,Scorpio N Z4 Diesel MT 2WD 7 STR,N/A,Rs. 15.90 Lakh,N/A,N/A,N/A,N/A,N/A,N/A,N/A,N/A,N/A,N/A,N/A,N/A,N/A,N/A,N/A,N/A,N/A,N/A,N/A,N/A,N/A,N/A,N/A,N/A,N/A,N/A,N/A,N/A
Mahindra,Mahindra Scorpio N,Scorpio N Z4 Petrol MT 7 STR (ESP),N/A,Rs. 15.99 Lakh,N/A,N/A,N/A,N/A,N/A,N/A,N/A,N/A,N/A,N/A,N/A,N/A,N/A,N/A,N/A,N/A,N/A,N/A,N/A,N/A,N/A,N/A,N/A,N/A,N/A,N/A,N/A,N/A
Mahindra,Mahindra Scorpio N,Scorpio N Z4 Diesel MT 2WD 7 STR (ESP),N/A,Rs. 16.40 Lakh,N/A,N/A,N/A,N/A,N/A,N/A,N/A,N/A,N/A,N/A,N/A,N/A,N/A,N/A,N/A,N/A,N/A,N/A,N/A,N/A,N/A,N/A,N/A,N/A,N/A,N/A,N/A,N/A
Mahindra,Mahindra Scorpio N,Scorpio N Z6 Diesel MT 2WD 7 STR,N/A,Rs. 16.86 Lakh,N/A,N/A,N/A,N/A,N/A,N/A,N/A,N/A,N/A,N/A,N/A,N/A,N/A,N/A,N/A,N/A,N/A,N/A,N/A,N/A,N/A,N/A,N/A,N/A,N/A,N/A,N/A,N/A
Mahindra,Mahindra Scorpio N,Scorpio N Z4 Petrol AT 7 STR,N/A,Rs. 17.05 Lakh,N/A,N/A,N/A,N/A,N/A,N/A,N/A,N/A,N/A,N/A,N/A,N/A,N/A,N/A,N/A,N/A,N/A,N/A,N/A,N/A,N/A,N/A,N/A,N/A,N/A,N/A,N/A,N/A
Mahindra,Mahindra Scorpio N,Scorpio N Z8 Select Petrol MT,N/A,Rs. 17.19 Lakh,N/A,N/A,N/A,N/A,N/A,N/A,N/A,N/A,N/A,N/A,N/A,N/A,N/A,N/A,N/A,N/A,N/A,N/A,N/A,N/A,N/A,N/A,N/A,N/A,N/A,N/A,N/A,N/A
Mahindra,Mahindra Scorpio N,Scorpio N Z4 Diesel AT 2WD 7 STR,N/A,Rs. 17.55 Lakh,N/A,N/A,N/A,N/A,N/A,N/A,N/A,N/A,N/A,N/A,N/A,N/A,N/A,N/A,N/A,N/A,N/A,N/A,N/A,N/A,N/A,N/A,N/A,N/A,N/A,N/A,N/A,N/A
Mahindra,Mahindra Scorpio N,Scorpio N Z4 Diesel MT 4WD 7 STR,N/A,Rs. 18.01 Lakh,N/A,N/A,N/A,N/A,N/A,N/A,N/A,N/A,N/A,N/A,N/A,N/A,N/A,N/A,N/A,N/A,N/A,N/A,N/A,N/A,N/A,N/A,N/A,N/A,N/A,N/A,N/A,N/A
Mahindra,Mahindra Scorpio N,Scorpio N Z8 Select Diesel MT 2WD,N/A,Rs. 18.19 Lakh,N/A,N/A,N/A,N/A,N/A,N/A,N/A,N/A,N/A,N/A,N/A,N/A,N/A,N/A,N/A,N/A,N/A,N/A,N/A,N/A,N/A,N/A,N/A,N/A,N/A,N/A,N/A,N/A
Mahindra,Mahindra Scorpio N,Scorpio N Z4 Diesel MT 4WD 7 STR (ESP),N/A,Rs. 18.51 Lakh,N/A,N/A,N/A,N/A,N/A,N/A,N/A,N/A,N/A,N/A,N/A,N/A,N/A,N/A,N/A,N/A,N/A,N/A,N/A,N/A,N/A,N/A,N/A,N/A,N/A,N/A,N/A,N/A
Mahindra,Mahindra Scorpio N,Scorpio N Z6 Diesel AT 2WD 7 STR,N/A,Rs. 18.55 Lakh,N/A,N/A,N/A,N/A,N/A,N/A,N/A,N/A,N/A,N/A,N/A,N/A,N/A,N/A,N/A,N/A,N/A,N/A,N/A,N/A,N/A,N/A,N/A,N/A,N/A,N/A,N/A,N/A
Mahindra,Mahindra Scorpio N,Scorpio N Z8 Select Petrol AT,N/A,Rs. 18.69 Lakh,N/A,N/A,N/A,N/A,N/A,N/A,N/A,N/A,N/A,N/A,N/A,N/A,N/A,N/A,N/A,N/A,N/A,N/A,N/A,N/A,N/A,N/A,N/A,N/A,N/A,N/A,N/A,N/A
Mahindra,Mahindra Scorpio N,Scorpio N Z8 Petrol MT 7 STR,N/A,Rs. 18.84 Lakh,N/A,N/A,N/A,N/A,N/A,N/A,N/A,N/A,N/A,N/A,N/A,N/A,N/A,N/A,N/A,N/A,N/A,N/A,N/A,N/A,N/A,N/A,N/A,N/A,N/A,N/A,N/A,N/A
Mahindra,Mahindra Scorpio N,Scorpio N Z8 Select Diesel AT 2WD,N/A,Rs. 19.19 Lakh,N/A,N/A,N/A,N/A,N/A,N/A,N/A,N/A,N/A,N/A,N/A,N/A,N/A,N/A,N/A,N/A,N/A,N/A,N/A,N/A,N/A,N/A,N/A,N/A,N/A,N/A,N/A,N/A
Mahindra,Mahindra Scorpio N,Scorpio N Z8 Diesel MT 2WD 7 STR,N/A,Rs. 19.30 Lakh,N/A,N/A,N/A,N/A,N/A,N/A,N/A,N/A,N/A,N/A,N/A,N/A,N/A,N/A,N/A,N/A,N/A,N/A,N/A,N/A,N/A,N/A,N/A,N/A,N/A,N/A,N/A,N/A
Mahindra,Mahindra Scorpio N,Scorpio N Z8 Petrol AT 7 STR,N/A,Rs. 20.35 Lakh,N/A,N/A,N/A,N/A,N/A,N/A,N/A,N/A,N/A,N/A,N/A,N/A,N/A,N/A,N/A,N/A,N/A,N/A,N/A,N/A,N/A,N/A,N/A,N/A,N/A,N/A,N/A,N/A
Mahindra,Mahindra Scorpio N,Scorpio N Z8 L Petrol MT 7 STR,N/A,Rs. 20.55 Lakh,N/A,N/A,N/A,N/A,N/A,N/A,N/A,N/A,N/A,N/A,N/A,N/A,N/A,N/A,N/A,N/A,N/A,N/A,N/A,N/A,N/A,N/A,N/A,N/A,N/A,N/A,N/A,N/A
Mahindra,Mahindra Scorpio N,Scorpio N Z8 L Petrol MT 6 STR,N/A,Rs. 20.79 Lakh,N/A,N/A,N/A,N/A,N/A,N/A,N/A,N/A,N/A,N/A,N/A,N/A,N/A,N/A,N/A,N/A,N/A,N/A,N/A,N/A,N/A,N/A,N/A,N/A,N/A,N/A,N/A,N/A
Mahindra,Mahindra Scorpio N,Scorpio N Z8 Diesel AT 2WD 7 STR,N/A,Rs. 20.83 Lakh,N/A,N/A,N/A,N/A,N/A,N/A,N/A,N/A,N/A,N/A,N/A,N/A,N/A,N/A,N/A,N/A,N/A,N/A,N/A,N/A,N/A,N/A,N/A,N/A,N/A,N/A,N/A,N/A
Mahindra,Mahindra Scorpio N,Scorpio N Z8 L Diesel MT 2WD 7 STR,N/A,Rs. 20.95 Lakh,N/A,N/A,N/A,N/A,N/A,N/A,N/A,N/A,N/A,N/A,N/A,N/A,N/A,N/A,N/A,N/A,N/A,N/A,N/A,N/A,N/A,N/A,N/A,N/A,N/A,N/A,N/A,N/A
Mahindra,Mahindra Scorpio N,Scorpio N Z8 L Diesel MT 2WD 6 STR,N/A,Rs. 21.29 Lakh,N/A,N/A,N/A,N/A,N/A,N/A,N/A,N/A,N/A,N/A,N/A,N/A,N/A,N/A,N/A,N/A,N/A,N/A,N/A,N/A,N/A,N/A,N/A,N/A,N/A,N/A,N/A,N/A
Mahindra,Mahindra Scorpio N,Scorpio N Z8 Diesel MT 4WD 7 STR,N/A,Rs. 21.37 Lakh,N/A,N/A,N/A,N/A,N/A,N/A,N/A,N/A,N/A,N/A,N/A,N/A,N/A,N/A,N/A,N/A,N/A,N/A,N/A,N/A,N/A,N/A,N/A,N/A,N/A,N/A,N/A,N/A
Mahindra,Mahindra Scorpio N,Scorpio N Z8 L Petrol AT 7 STR,N/A,Rs. 21.96 Lakh,N/A,N/A,N/A,N/A,N/A,N/A,N/A,N/A,N/A,N/A,N/A,N/A,N/A,N/A,N/A,N/A,N/A,N/A,N/A,N/A,N/A,N/A,N/A,N/A,N/A,N/A,N/A,N/A
Mahindra,Mahindra Scorpio N,Scorpio N Z8 L Petrol AT 6 STR,N/A,Rs. 22.15 Lakh,N/A,N/A,N/A,N/A,N/A,N/A,N/A,N/A,N/A,N/A,N/A,N/A,N/A,N/A,N/A,N/A,N/A,N/A,N/A,N/A,N/A,N/A,N/A,N/A,N/A,N/A,N/A,N/A
Mahindra,Mahindra Scorpio N,Scorpio N Z8 L Diesel AT 2WD 7 STR,N/A,Rs. 22.41 Lakh,N/A,N/A,N/A,N/A,N/A,N/A,N/A,N/A,N/A,N/A,N/A,N/A,N/A,N/A,N/A,N/A,N/A,N/A,N/A,N/A,N/A,N/A,N/A,N/A,N/A,N/A,N/A,N/A
Mahindra,Mahindra Scorpio N,Scorpio N Z8 L Diesel AT 2WD 6 STR,N/A,Rs. 22.65 Lakh,N/A,N/A,N/A,N/A,N/A,N/A,N/A,N/A,N/A,N/A,N/A,N/A,N/A,N/A,N/A,N/A,N/A,N/A,N/A,N/A,N/A,N/A,N/A,N/A,N/A,N/A,N/A,N/A
Mahindra,Mahindra Scorpio N,Scorpio N Z8 L Diesel MT 4WD 7 STR,N/A,Rs. 22.98 Lakh,N/A,N/A,N/A,N/A,N/A,N/A,N/A,N/A,N/A,N/A,N/A,N/A,N/A,N/A,N/A,N/A,N/A,N/A,N/A,N/A,N/A,N/A,N/A,N/A,N/A,N/A,N/A,N/A
Mahindra,Mahindra Scorpio N,Scorpio N Z8 Diesel AT 4WD 7 STR,N/A,Rs. 23.09 Lakh,N/A,N/A,N/A,N/A,N/A,N/A,N/A,N/A,N/A,N/A,N/A,N/A,N/A,N/A,N/A,N/A,N/A,N/A,N/A,N/A,N/A,N/A,N/A,N/A,N/A,N/A,N/A,N/A
Mahindra,Mahindra Scorpio N,Scorpio N Z8 L Diesel AT 4WD 7 STR,N/A,Rs. 24.54 Lakh,N/A,N/A,N/A,N/A,N/A,N/A,N/A,N/A,N/A,N/A,N/A,N/A,N/A,N/A,N/A,N/A,N/A,N/A,N/A,N/A,N/A,N/A,N/A,N/A,N/A,N/A,N/A,N/A
Mahindra,Mahindra XUV700,XUV700 MX Petrol MT 5 STR,N/A,Rs. 13.99 Lakh,N/A,N/A,N/A,N/A,N/A,N/A,N/A,N/A,N/A,N/A,N/A,N/A,N/A,N/A,N/A,N/A,N/A,N/A,N/A,N/A,N/A,N/A,N/A,N/A,N/A,N/A,N/A,N/A
Mahindra,Mahindra XUV700,XUV700 MX Petrol MT 5 STR (ESP),N/A,Rs. 14.49 Lakh,N/A,N/A,N/A,N/A,N/A,N/A,N/A,N/A,N/A,N/A,N/A,N/A,N/A,N/A,N/A,N/A,N/A,N/A,N/A,N/A,N/A,N/A,N/A,N/A,N/A,N/A,N/A,N/A
Mahindra,Mahindra XUV700,XUV700 MX Petrol MT 7 STR,N/A,Rs. 14.49 Lakh,N/A,N/A,N/A,N/A,N/A,N/A,N/A,N/A,N/A,N/A,N/A,N/A,N/A,N/A,N/A,N/A,N/A,N/A,N/A,N/A,N/A,N/A,N/A,N/A,N/A,N/A,N/A,N/A
Mahindra,Mahindra XUV700,XUV700 MX Diesel MT 5 STR,N/A,Rs. 14.59 Lakh,N/A,N/A,N/A,N/A,N/A,N/A,N/A,N/A,N/A,N/A,N/A,N/A,N/A,N/A,N/A,N/A,N/A,N/A,N/A,N/A,N/A,N/A,N/A,N/A,N/A,N/A,N/A,N/A
Mahindra,Mahindra XUV700,XUV700 MX Petrol MT 7 STR (ESP),N/A,Rs. 14.99 Lakh,N/A,N/A,N/A,N/A,N/A,N/A,N/A,N/A,N/A,N/A,N/A,N/A,N/A,N/A,N/A,N/A,N/A,N/A,N/A,N/A,N/A,N/A,N/A,N/A,N/A,N/A,N/A,N/A
Mahindra,Mahindra XUV700,XUV700 MX Diesel MT 7 STR,N/A,Rs. 14.99 Lakh,N/A,N/A,N/A,N/A,N/A,N/A,N/A,N/A,N/A,N/A,N/A,N/A,N/A,N/A,N/A,N/A,N/A,N/A,N/A,N/A,N/A,N/A,N/A,N/A,N/A,N/A,N/A,N/A
Mahindra,Mahindra XUV700,XUV700 MX Diesel MT 5 STR (ESP),N/A,Rs. 15.09 Lakh,N/A,N/A,N/A,N/A,N/A,N/A,N/A,N/A,N/A,N/A,N/A,N/A,N/A,N/A,N/A,N/A,N/A,N/A,N/A,N/A,N/A,N/A,N/A,N/A,N/A,N/A,N/A,N/A
Mahindra,Mahindra XUV700,XUV700 MX Diesel MT 7 STR (ESP),N/A,Rs. 15.49 Lakh,N/A,N/A,N/A,N/A,N/A,N/A,N/A,N/A,N/A,N/A,N/A,N/A,N/A,N/A,N/A,N/A,N/A,N/A,N/A,N/A,N/A,N/A,N/A,N/A,N/A,N/A,N/A,N/A
Mahindra,Mahindra XUV700,XUV700 AX3 Petrol MT 5 STR,N/A,Rs. 16.39 Lakh,N/A,N/A,N/A,N/A,N/A,N/A,N/A,N/A,N/A,N/A,N/A,N/A,N/A,N/A,N/A,N/A,N/A,N/A,N/A,N/A,N/A,N/A,N/A,N/A,N/A,N/A,N/A,N/A
Mahindra,Mahindra XUV700,XUV700 AX5 Select Petrol MT 7 STR,N/A,Rs. 16.89 Lakh,N/A,N/A,N/A,N/A,N/A,N/A,N/A,N/A,N/A,N/A,N/A,N/A,N/A,N/A,N/A,N/A,N/A,N/A,N/A,N/A,N/A,N/A,N/A,N/A,N/A,N/A,N/A,N/A
Mahindra,Mahindra XUV700,XUV700 AX3 Petrol MT 5 STR (ESP),N/A,Rs. 16.89 Lakh,N/A,N/A,N/A,N/A,N/A,N/A,N/A,N/A,N/A,N/A,N/A,N/A,N/A,N/A,N/A,N/A,N/A,N/A,N/A,N/A,N/A,N/A,N/A,N/A,N/A,N/A,N/A,N/A
Mahindra,Mahindra XUV700,XUV700 AX3 Diesel MT 5 STR,N/A,Rs. 16.99 Lakh,N/A,N/A,N/A,N/A,N/A,N/A,N/A,N/A,N/A,N/A,N/A,N/A,N/A,N/A,N/A,N/A,N/A,N/A,N/A,N/A,N/A,N/A,N/A,N/A,N/A,N/A,N/A,N/A
Mahindra,Mahindra XUV700,XUV700 AX5 Select Petrol MT 7 STR (ESP),N/A,Rs. 17.39 Lakh,N/A,N/A,N/A,N/A,N/A,N/A,N/A,N/A,N/A,N/A,N/A,N/A,N/A,N/A,N/A,N/A,N/A,N/A,N/A,N/A,N/A,N/A,N/A,N/A,N/A,N/A,N/A,N/A
Mahindra,Mahindra XUV700,XUV700 AX3 Diesel MT 5 STR (ESP),N/A,Rs. 17.49 Lakh,N/A,N/A,N/A,N/A,N/A,N/A,N/A,N/A,N/A,N/A,N/A,N/A,N/A,N/A,N/A,N/A,N/A,N/A,N/A,N/A,N/A,N/A,N/A,N/A,N/A,N/A,N/A,N/A
Mahindra,Mahindra XUV700,XUV700 AX5 Select Diesel MT 7 STR,N/A,Rs. 17.49 Lakh,N/A,N/A,N/A,N/A,N/A,N/A,N/A,N/A,N/A,N/A,N/A,N/A,N/A,N/A,N/A,N/A,N/A,N/A,N/A,N/A,N/A,N/A,N/A,N/A,N/A,N/A,N/A,N/A
Mahindra,Mahindra XUV700,XUV700 AX5 Petrol MT 5 STR,N/A,Rs. 17.69 Lakh,N/A,N/A,N/A,N/A,N/A,N/A,N/A,N/A,N/A,N/A,N/A,N/A,N/A,N/A,N/A,N/A,N/A,N/A,N/A,N/A,N/A,N/A,N/A,N/A,N/A,N/A,N/A,N/A
Mahindra,Mahindra XUV700,XUV700 AX5 Select Diesel MT 7 STR (ESP),N/A,Rs. 17.99 Lakh,N/A,N/A,N/A,N/A,N/A,N/A,N/A,N/A,N/A,N/A,N/A,N/A,N/A,N/A,N/A,N/A,N/A,N/A,N/A,N/A,N/A,N/A,N/A,N/A,N/A,N/A,N/A,N/A
Mahindra,Mahindra XUV700,XUV700 AX3 Petrol AT 5 STR,N/A,Rs. 17.99 Lakh,N/A,N/A,N/A,N/A,N/A,N/A,N/A,N/A,N/A,N/A,N/A,N/A,N/A,N/A,N/A,N/A,N/A,N/A,N/A,N/A,N/A,N/A,N/A,N/A,N/A,N/A,N/A,N/A
Mahindra,Mahindra XUV700,XUV700 AX5 Petrol MT 5 STR (ESP),N/A,Rs. 18.19 Lakh,N/A,N/A,N/A,N/A,N/A,N/A,N/A,N/A,N/A,N/A,N/A,N/A,N/A,N/A,N/A,N/A,N/A,N/A,N/A,N/A,N/A,N/A,N/A,N/A,N/A,N/A,N/A,N/A
Mahindra,Mahindra XUV700,XUV700 AX5 Petrol MT 7 STR,N/A,Rs. 18.19 Lakh,N/A,N/A,N/A,N/A,N/A,N/A,N/A,N/A,N/A,N/A,N/A,N/A,N/A,N/A,N/A,N/A,N/A,N/A,N/A,N/A,N/A,N/A,N/A,N/A,N/A,N/A,N/A,N/A
Mahindra,Mahindra XUV700,XUV700 AX5 Diesel MT 5 STR,N/A,Rs. 18.29 Lakh,N/A,N/A,N/A,N/A,N/A,N/A,N/A,N/A,N/A,N/A,N/A,N/A,N/A,N/A,N/A,N/A,N/A,N/A,N/A,N/A,N/A,N/A,N/A,N/A,N/A,N/A,N/A,N/A
Mahindra,Mahindra XUV700,XUV700 AX5 Select Petrol AT 7 STR,N/A,Rs. 18.49 Lakh,N/A,N/A,N/A,N/A,N/A,N/A,N/A,N/A,N/A,N/A,N/A,N/A,N/A,N/A,N/A,N/A,N/A,N/A,N/A,N/A,N/A,N/A,N/A,N/A,N/A,N/A,N/A,N/A
Mahindra,Mahindra XUV700,XUV700 AX3 Diesel AT 5 STR,N/A,Rs. 18.59 Lakh,N/A,N/A,N/A,N/A,N/A,N/A,N/A,N/A,N/A,N/A,N/A,N/A,N/A,N/A,N/A,N/A,N/A,N/A,N/A,N/A,N/A,N/A,N/A,N/A,N/A,N/A,N/A,N/A
Mahindra,Mahindra XUV700,XUV700 AX5 Petrol MT 7 STR (ESP),N/A,Rs. 18.69 Lakh,N/A,N/A,N/A,N/A,N/A,N/A,N/A,N/A,N/A,N/A,N/A,N/A,N/A,N/A,N/A,N/A,N/A,N/A,N/A,N/A,N/A,N/A,N/A,N/A,N/A,N/A,N/A,N/A
Mahindra,Mahindra XUV700,XUV700 AX5 Diesel MT 7 STR,N/A,Rs. 18.79 Lakh,N/A,N/A,N/A,N/A,N/A,N/A,N/A,N/A,N/A,N/A,N/A,N/A,N/A,N/A,N/A,N/A,N/A,N/A,N/A,N/A,N/A,N/A,N/A,N/A,N/A,N/A,N/A,N/A
Mahindra,Mahindra XUV700,XUV700 AX5 Select Diesel AT 7 STR,N/A,Rs. 18.99 Lakh,N/A,N/A,N/A,N/A,N/A,N/A,N/A,N/A,N/A,N/A,N/A,N/A,N/A,N/A,N/A,N/A,N/A,N/A,N/A,N/A,N/A,N/A,N/A,N/A,N/A,N/A,N/A,N/A
Mahindra,Mahindra XUV700,XUV700 AX5 Petrol AT 5 STR,N/A,Rs. 19.29 Lakh,N/A,N/A,N/A,N/A,N/A,N/A,N/A,N/A,N/A,N/A,N/A,N/A,N/A,N/A,N/A,N/A,N/A,N/A,N/A,N/A,N/A,N/A,N/A,N/A,N/A,N/A,N/A,N/A
Mahindra,Mahindra XUV700,XUV700 AX7 Petrol MT 7 STR,N/A,Rs. 19.49 Lakh,N/A,N/A,N/A,N/A,N/A,N/A,N/A,N/A,N/A,N/A,N/A,N/A,N/A,N/A,N/A,N/A,N/A,N/A,N/A,N/A,N/A,N/A,N/A,N/A,N/A,N/A,N/A,N/A
Mahindra,Mahindra XUV700,XUV700 AX7 Petrol MT 7 STR Dual Tone,N/A,Rs. 19.64 Lakh,N/A,N/A,N/A,N/A,N/A,N/A,N/A,N/A,N/A,N/A,N/A,N/A,N/A,N/A,N/A,N/A,N/A,N/A,N/A,N/A,N/A,N/A,N/A,N/A,N/A,N/A,N/A,N/A
Mahindra,Mahindra XUV700,XUV700 AX7 Petrol MT 6 STR,N/A,Rs. 19.69 Lakh,N/A,N/A,N/A,N/A,N/A,N/A,N/A,N/A,N/A,N/A,N/A,N/A,N/A,N/A,N/A,N/A,N/A,N/A,N/A,N/A,N/A,N/A,N/A,N/A,N/A,N/A,N/A,N/A
Mahindra,Mahindra XUV700,XUV700 AX5 Petrol AT 7 STR,N/A,Rs. 19.79 Lakh,N/A,N/A,N/A,N/A,N/A,N/A,N/A,N/A,N/A,N/A,N/A,N/A,N/A,N/A,N/A,N/A,N/A,N/A,N/A,N/A,N/A,N/A,N/A,N/A,N/A,N/A,N/A,N/A
Mahindra,Mahindra XUV700,XUV700 AX7 Petrol MT 6 STR Dual Tone,N/A,Rs. 19.84 Lakh,N/A,N/A,N/A,N/A,N/A,N/A,N/A,N/A,N/A,N/A,N/A,N/A,N/A,N/A,N/A,N/A,N/A,N/A,N/A,N/A,N/A,N/A,N/A,N/A,N/A,N/A,N/A,N/A
Mahindra,Mahindra XUV700,XUV700 AX5 Diesel AT 5 STR,N/A,Rs. 19.89 Lakh,N/A,N/A,N/A,N/A,N/A,N/A,N/A,N/A,N/A,N/A,N/A,N/A,N/A,N/A,N/A,N/A,N/A,N/A,N/A,N/A,N/A,N/A,N/A,N/A,N/A,N/A,N/A,N/A
Mahindra,Mahindra XUV700,XUV700 AX7 Diesel MT 7 STR,N/A,Rs. 19.99 Lakh,N/A,N/A,N/A,N/A,N/A,N/A,N/A,N/A,N/A,N/A,N/A,N/A,N/A,N/A,N/A,N/A,N/A,N/A,N/A,N/A,N/A,N/A,N/A,N/A,N/A,N/A,N/A,N/A
Mahindra,Mahindra XUV700,XUV700 AX7 Diesel MT 7 STR Dual Tone,N/A,Rs. 20.14 Lakh,N/A,N/A,N/A,N/A,N/A,N/A,N/A,N/A,N/A,N/A,N/A,N/A,N/A,N/A,N/A,N/A,N/A,N/A,N/A,N/A,N/A,N/A,N/A,N/A,N/A,N/A,N/A,N/A
Mahindra,Mahindra XUV700,XUV700 AX7 Diesel MT 6 STR,N/A,Rs. 20.19 Lakh,N/A,N/A,N/A,N/A,N/A,N/A,N/A,N/A,N/A,N/A,N/A,N/A,N/A,N/A,N/A,N/A,N/A,N/A,N/A,N/A,N/A,N/A,N/A,N/A,N/A,N/A,N/A,N/A
Mahindra,Mahindra XUV700,XUV700 AX7 Diesel MT 6 STR Dual Tone,N/A,Rs. 20.34 Lakh,N/A,N/A,N/A,N/A,N/A,N/A,N/A,N/A,N/A,N/A,N/A,N/A,N/A,N/A,N/A,N/A,N/A,N/A,N/A,N/A,N/A,N/A,N/A,N/A,N/A,N/A,N/A,N/A
Mahindra,Mahindra XUV700,XUV700 AX5 Diesel AT 7 STR,N/A,Rs. 20.39 Lakh,N/A,N/A,N/A,N/A,N/A,N/A,N/A,N/A,N/A,N/A,N/A,N/A,N/A,N/A,N/A,N/A,N/A,N/A,N/A,N/A,N/A,N/A,N/A,N/A,N/A,N/A,N/A,N/A
Mahindra,Mahindra XUV700,XUV700 AX7 Petrol AT 7 STR,N/A,Rs. 21.29 Lakh,N/A,N/A,N/A,N/A,N/A,N/A,N/A,N/A,N/A,N/A,N/A,N/A,N/A,N/A,N/A,N/A,N/A,N/A,N/A,N/A,N/A,N/A,N/A,N/A,N/A,N/A,N/A,N/A
Mahindra,Mahindra XUV700,XUV700 AX7 Petrol AT 7 STR Dual Tone,N/A,Rs. 21.44 Lakh,N/A,N/A,N/A,N/A,N/A,N/A,N/A,N/A,N/A,N/A,N/A,N/A,N/A,N/A,N/A,N/A,N/A,N/A,N/A,N/A,N/A,N/A,N/A,N/A,N/A,N/A,N/A,N/A
Mahindra,Mahindra XUV700,XUV700 AX7 Petrol AT 6 STR,N/A,Rs. 21.49 Lakh,N/A,N/A,N/A,N/A,N/A,N/A,N/A,N/A,N/A,N/A,N/A,N/A,N/A,N/A,N/A,N/A,N/A,N/A,N/A,N/A,N/A,N/A,N/A,N/A,N/A,N/A,N/A,N/A
Mahindra,Mahindra XUV700,XUV700 AX7 Petrol AT 6 STR Dual Tone,N/A,Rs. 21.64 Lakh,N/A,N/A,N/A,N/A,N/A,N/A,N/A,N/A,N/A,N/A,N/A,N/A,N/A,N/A,N/A,N/A,N/A,N/A,N/A,N/A,N/A,N/A,N/A,N/A,N/A,N/A,N/A,N/A
Mahindra,Mahindra XUV700,XUV700 AX7 Diesel AT 7 STR,N/A,Rs. 21.89 Lakh,N/A,N/A,N/A,N/A,N/A,N/A,N/A,N/A,N/A,N/A,N/A,N/A,N/A,N/A,N/A,N/A,N/A,N/A,N/A,N/A,N/A,N/A,N/A,N/A,N/A,N/A,N/A,N/A
Mahindra,Mahindra XUV700,XUV700 AX7 Diesel AT 7 STR Dual Tone,N/A,Rs. 22.04 Lakh,N/A,N/A,N/A,N/A,N/A,N/A,N/A,N/A,N/A,N/A,N/A,N/A,N/A,N/A,N/A,N/A,N/A,N/A,N/A,N/A,N/A,N/A,N/A,N/A,N/A,N/A,N/A,N/A
Mahindra,Mahindra XUV700,XUV700 AX7 Diesel AT 6 STR,N/A,Rs. 22.09 Lakh,N/A,N/A,N/A,N/A,N/A,N/A,N/A,N/A,N/A,N/A,N/A,N/A,N/A,N/A,N/A,N/A,N/A,N/A,N/A,N/A,N/A,N/A,N/A,N/A,N/A,N/A,N/A,N/A
Mahindra,Mahindra XUV700,XUV700 AX7 Diesel AT 6 STR Dual Tone,N/A,Rs. 22.24 Lakh,N/A,N/A,N/A,N/A,N/A,N/A,N/A,N/A,N/A,N/A,N/A,N/A,N/A,N/A,N/A,N/A,N/A,N/A,N/A,N/A,N/A,N/A,N/A,N/A,N/A,N/A,N/A,N/A
Mahindra,Mahindra XUV700,XUV700 AX7 Luxury Pack Diesel 7 STR Blaze Editon MT,N/A,Rs. 22.74 Lakh,N/A,N/A,N/A,N/A,N/A,N/A,N/A,N/A,N/A,N/A,N/A,N/A,N/A,N/A,N/A,N/A,N/A,N/A,N/A,N/A,N/A,N/A,N/A,N/A,N/A,N/A,N/A,N/A
Mahindra,Mahindra XUV700,XUV700 AX7 Luxury Pack Diesel MT 7 STR,N/A,Rs. 22.79 Lakh,N/A,N/A,N/A,N/A,N/A,N/A,N/A,N/A,N/A,N/A,N/A,N/A,N/A,N/A,N/A,N/A,N/A,N/A,N/A,N/A,N/A,N/A,N/A,N/A,N/A,N/A,N/A,N/A
Mahindra,Mahindra XUV700,XUV700 AX7 Luxury Pack Diesel MT 7 STR Dual Tone,N/A,Rs. 22.94 Lakh,N/A,N/A,N/A,N/A,N/A,N/A,N/A,N/A,N/A,N/A,N/A,N/A,N/A,N/A,N/A,N/A,N/A,N/A,N/A,N/A,N/A,N/A,N/A,N/A,N/A,N/A,N/A,N/A
Mahindra,Mahindra XUV700,XUV700 AX7 Luxury Pack Diesel MT 6 STR,N/A,Rs. 22.99 Lakh,N/A,N/A,N/A,N/A,N/A,N/A,N/A,N/A,N/A,N/A,N/A,N/A,N/A,N/A,N/A,N/A,N/A,N/A,N/A,N/A,N/A,N/A,N/A,N/A,N/A,N/A,N/A,N/A
Mahindra,Mahindra XUV700,XUV700 AX7 Diesel AT AWD 7 STR,N/A,Rs. 23.09 Lakh,N/A,N/A,N/A,N/A,N/A,N/A,N/A,N/A,N/A,N/A,N/A,N/A,N/A,N/A,N/A,N/A,N/A,N/A,N/A,N/A,N/A,N/A,N/A,N/A,N/A,N/A,N/A,N/A
Mahindra,Mahindra XUV700,XUV700 AX7 Luxury Pack Diesel MT 6 STR Dual Tone,N/A,Rs. 23.14 Lakh,N/A,N/A,N/A,N/A,N/A,N/A,N/A,N/A,N/A,N/A,N/A,N/A,N/A,N/A,N/A,N/A,N/A,N/A,N/A,N/A,N/A,N/A,N/A,N/A,N/A,N/A,N/A,N/A
Mahindra,Mahindra XUV700,XUV700 AX7 Diesel AT AWD 7 STR Dual Tone,N/A,Rs. 23.24 Lakh,N/A,N/A,N/A,N/A,N/A,N/A,N/A,N/A,N/A,N/A,N/A,N/A,N/A,N/A,N/A,N/A,N/A,N/A,N/A,N/A,N/A,N/A,N/A,N/A,N/A,N/A,N/A,N/A
Mahindra,Mahindra XUV700,XUV700 AX7 Luxury Pack Petrol 7 STR Blaze Editon AT,N/A,Rs. 23.64 Lakh,N/A,N/A,N/A,N/A,N/A,N/A,N/A,N/A,N/A,N/A,N/A,N/A,N/A,N/A,N/A,N/A,N/A,N/A,N/A,N/A,N/A,N/A,N/A,N/A,N/A,N/A,N/A,N/A
Mahindra,Mahindra XUV700,XUV700 AX7 Luxury Pack Petrol AT 7 STR,N/A,Rs. 23.79 Lakh,N/A,N/A,N/A,N/A,N/A,N/A,N/A,N/A,N/A,N/A,N/A,N/A,N/A,N/A,N/A,N/A,N/A,N/A,N/A,N/A,N/A,N/A,N/A,N/A,N/A,N/A,N/A,N/A
Mahindra,Mahindra XUV700,XUV700 AX7 Luxury Pack Petrol AT 7 STR Dual Tone,N/A,Rs. 23.94 Lakh,N/A,N/A,N/A,N/A,N/A,N/A,N/A,N/A,N/A,N/A,N/A,N/A,N/A,N/A,N/A,N/A,N/A,N/A,N/A,N/A,N/A,N/A,N/A,N/A,N/A,N/A,N/A,N/A
Mahindra,Mahindra XUV700,XUV700 AX7 Luxury Pack Petrol AT 6 STR,N/A,Rs. 23.99 Lakh,N/A,N/A,N/A,N/A,N/A,N/A,N/A,N/A,N/A,N/A,N/A,N/A,N/A,N/A,N/A,N/A,N/A,N/A,N/A,N/A,N/A,N/A,N/A,N/A,N/A,N/A,N/A,N/A
Mahindra,Mahindra XUV700,XUV700 AX7 Luxury Pack Diesel 7 STR Blaze Editon AT,N/A,Rs. 24.14 Lakh,N/A,N/A,N/A,N/A,N/A,N/A,N/A,N/A,N/A,N/A,N/A,N/A,N/A,N/A,N/A,N/A,N/A,N/A,N/A,N/A,N/A,N/A,N/A,N/A,N/A,N/A,N/A,N/A
Mahindra,Mahindra XUV700,XUV700 AX7 Luxury Pack Petrol AT 6 STR Dual Tone,N/A,Rs. 24.14 Lakh,N/A,N/A,N/A,N/A,N/A,N/A,N/A,N/A,N/A,N/A,N/A,N/A,N/A,N/A,N/A,N/A,N/A,N/A,N/A,N/A,N/A,N/A,N/A,N/A,N/A,N/A,N/A,N/A
Mahindra,Mahindra XUV700,XUV700 AX7 Luxury Pack Diesel AT 7 STR,N/A,Rs. 24.49 Lakh,N/A,N/A,N/A,N/A,N/A,N/A,N/A,N/A,N/A,N/A,N/A,N/A,N/A,N/A,N/A,N/A,N/A,N/A,N/A,N/A,N/A,N/A,N/A,N/A,N/A,N/A,N/A,N/A
Mahindra,Mahindra XUV700,XUV700 AX7 Luxury Pack Diesel AT 7 STR Dual Tone,N/A,Rs. 24.64 Lakh,N/A,N/A,N/A,N/A,N/A,N/A,N/A,N/A,N/A,N/A,N/A,N/A,N/A,N/A,N/A,N/A,N/A,N/A,N/A,N/A,N/A,N/A,N/A,N/A,N/A,N/A,N/A,N/A
Mahindra,Mahindra XUV700,XUV700 AX7 Luxury Pack Diesel AT 6 STR,N/A,Rs. 24.69 Lakh,N/A,N/A,N/A,N/A,N/A,N/A,N/A,N/A,N/A,N/A,N/A,N/A,N/A,N/A,N/A,N/A,N/A,N/A,N/A,N/A,N/A,N/A,N/A,N/A,N/A,N/A,N/A,N/A
Mahindra,Mahindra XUV700,XUV700 AX7 Luxury Pack Diesel AT 6 STR Dual Tone,N/A,Rs. 24.84 Lakh,N/A,N/A,N/A,N/A,N/A,N/A,N/A,N/A,N/A,N/A,N/A,N/A,N/A,N/A,N/A,N/A,N/A,N/A,N/A,N/A,N/A,N/A,N/A,N/A,N/A,N/A,N/A,N/A
Mahindra,Mahindra XUV700,XUV700 AX7 Luxury Pack Diesel AT AWD 7 STR,N/A,Rs. 25.49 Lakh,N/A,N/A,N/A,N/A,N/A,N/A,N/A,N/A,N/A,N/A,N/A,N/A,N/A,N/A,N/A,N/A,N/A,N/A,N/A,N/A,N/A,N/A,N/A,N/A,N/A,N/A,N/A,N/A
Mahindra,Mahindra XUV700,XUV700 AX7 Luxury Pack Diesel AT AWD 7 STR Dual Tone,N/A,Rs. 25.64 Lakh,N/A,N/A,N/A,N/A,N/A,N/A,N/A,N/A,N/A,N/A,N/A,N/A,N/A,N/A,N/A,N/A,N/A,N/A,N/A,N/A,N/A,N/A,N/A,N/A,N/A,N/A,N/A,N/A
Mahindra,Mahindra Thar Roxx,Thar Roxx MX1 Petrol MT 2WD,N/A,Rs. 12.99 Lakh,N/A,N/A,N/A,N/A,N/A,N/A,N/A,N/A,N/A,N/A,N/A,N/A,N/A,N/A,N/A,N/A,N/A,N/A,N/A,N/A,N/A,N/A,N/A,N/A,N/A,N/A,N/A,N/A
Mahindra,Mahindra Thar Roxx,Thar Roxx MX1 Diesel MT 2WD,N/A,Rs. 13.99 Lakh,N/A,N/A,N/A,N/A,N/A,N/A,N/A,N/A,N/A,N/A,N/A,N/A,N/A,N/A,N/A,N/A,N/A,N/A,N/A,N/A,N/A,N/A,N/A,N/A,N/A,N/A,N/A,N/A
Mahindra,Mahindra Thar Roxx,Thar Roxx MX3 Petrol AT 2WD,N/A,Rs. 14.99 Lakh,N/A,N/A,N/A,N/A,N/A,N/A,N/A,N/A,N/A,N/A,N/A,N/A,N/A,N/A,N/A,N/A,N/A,N/A,N/A,N/A,N/A,N/A,N/A,N/A,N/A,N/A,N/A,N/A
Mahindra,Mahindra Thar Roxx,Thar Roxx MX3 Diesel MT 2WD,N/A,Rs. 15.99 Lakh,N/A,N/A,N/A,N/A,N/A,N/A,N/A,N/A,N/A,N/A,N/A,N/A,N/A,N/A,N/A,N/A,N/A,N/A,N/A,N/A,N/A,N/A,N/A,N/A,N/A,N/A,N/A,N/A
Mahindra,Mahindra Thar Roxx,Thar Roxx MX5 Petrol MT 2WD,N/A,Rs. 16.49 Lakh,N/A,N/A,N/A,N/A,N/A,N/A,N/A,N/A,N/A,N/A,N/A,N/A,N/A,N/A,N/A,N/A,N/A,N/A,N/A,N/A,N/A,N/A,N/A,N/A,N/A,N/A,N/A,N/A
Mahindra,Mahindra Thar Roxx,Thar Roxx AX3 L Diesel MT 2WD,N/A,Rs. 16.99 Lakh,N/A,N/A,N/A,N/A,N/A,N/A,N/A,N/A,N/A,N/A,N/A,N/A,N/A,N/A,N/A,N/A,N/A,N/A,N/A,N/A,N/A,N/A,N/A,N/A,N/A,N/A,N/A,N/A
Mahindra,Mahindra Thar Roxx,Thar Roxx MX5 Diesel MT 2WD,N/A,Rs. 16.99 Lakh,N/A,N/A,N/A,N/A,N/A,N/A,N/A,N/A,N/A,N/A,N/A,N/A,N/A,N/A,N/A,N/A,N/A,N/A,N/A,N/A,N/A,N/A,N/A,N/A,N/A,N/A,N/A,N/A
Mahindra,Mahindra Thar Roxx,Thar Roxx MX3 Diesel AT 2WD,N/A,Rs. 17.49 Lakh,N/A,N/A,N/A,N/A,N/A,N/A,N/A,N/A,N/A,N/A,N/A,N/A,N/A,N/A,N/A,N/A,N/A,N/A,N/A,N/A,N/A,N/A,N/A,N/A,N/A,N/A,N/A,N/A
Mahindra,Mahindra Thar Roxx,Thar Roxx MX5 Petrol AT 2WD,N/A,Rs. 17.99 Lakh,N/A,N/A,N/A,N/A,N/A,N/A,N/A,N/A,N/A,N/A,N/A,N/A,N/A,N/A,N/A,N/A,N/A,N/A,N/A,N/A,N/A,N/A,N/A,N/A,N/A,N/A,N/A,N/A
Mahindra,Mahindra Thar Roxx,Thar Roxx MX5 Diesel AT 2WD,N/A,Rs. 18.49 Lakh,N/A,N/A,N/A,N/A,N/A,N/A,N/A,N/A,N/A,N/A,N/A,N/A,N/A,N/A,N/A,N/A,N/A,N/A,N/A,N/A,N/A,N/A,N/A,N/A,N/A,N/A,N/A,N/A
Mahindra,Mahindra Thar Roxx,Thar Roxx MX5 Diesel MT 4WD,N/A,Rs. 18.79 Lakh,N/A,N/A,N/A,N/A,N/A,N/A,N/A,N/A,N/A,N/A,N/A,N/A,N/A,N/A,N/A,N/A,N/A,N/A,N/A,N/A,N/A,N/A,N/A,N/A,N/A,N/A,N/A,N/A
Mahindra,Mahindra Thar Roxx,Thar Roxx AX7 L Diesel MT 2WD,N/A,Rs. 18.99 Lakh,N/A,N/A,N/A,N/A,N/A,N/A,N/A,N/A,N/A,N/A,N/A,N/A,N/A,N/A,N/A,N/A,N/A,N/A,N/A,N/A,N/A,N/A,N/A,N/A,N/A,N/A,N/A,N/A
Mahindra,Mahindra Thar Roxx,Thar Roxx AX5 L Diesel AT 2WD,N/A,Rs. 18.99 Lakh,N/A,N/A,N/A,N/A,N/A,N/A,N/A,N/A,N/A,N/A,N/A,N/A,N/A,N/A,N/A,N/A,N/A,N/A,N/A,N/A,N/A,N/A,N/A,N/A,N/A,N/A,N/A,N/A
Mahindra,Mahindra Thar Roxx,Thar Roxx AX7 L Petrol AT 2WD,N/A,Rs. 19.99 Lakh,N/A,N/A,N/A,N/A,N/A,N/A,N/A,N/A,N/A,N/A,N/A,N/A,N/A,N/A,N/A,N/A,N/A,N/A,N/A,N/A,N/A,N/A,N/A,N/A,N/A,N/A,N/A,N/A
Mahindra,Mahindra Thar Roxx,Thar Roxx AX7 L Diesel AT 2WD,N/A,Rs. 20.49 Lakh,N/A,N/A,N/A,N/A,N/A,N/A,N/A,N/A,N/A,N/A,N/A,N/A,N/A,N/A,N/A,N/A,N/A,N/A,N/A,N/A,N/A,N/A,N/A,N/A,N/A,N/A,N/A,N/A
Mahindra,Mahindra Thar Roxx,Thar Roxx AX5 L Diesel AT 4WD,N/A,Rs. 20.99 Lakh,N/A,N/A,N/A,N/A,N/A,N/A,N/A,N/A,N/A,N/A,N/A,N/A,N/A,N/A,N/A,N/A,N/A,N/A,N/A,N/A,N/A,N/A,N/A,N/A,N/A,N/A,N/A,N/A
Mahindra,Mahindra Thar Roxx,Thar Roxx AX7 L Diesel MT 4WD,N/A,Rs. 20.99 Lakh,N/A,N/A,N/A,N/A,N/A,N/A,N/A,N/A,N/A,N/A,N/A,N/A,N/A,N/A,N/A,N/A,N/A,N/A,N/A,N/A,N/A,N/A,N/A,N/A,N/A,N/A,N/A,N/A
Mahindra,Mahindra Thar Roxx,Thar Roxx AX7 L Diesel AT 4WD,N/A,Rs. 22.49 Lakh,N/A,N/A,N/A,N/A,N/A,N/A,N/A,N/A,N/A,N/A,N/A,N/A,N/A,N/A,N/A,N/A,N/A,N/A,N/A,N/A,N/A,N/A,N/A,N/A,N/A,N/A,N/A,N/A
Mahindra,Mahindra XEV 9e,XEV 9e Pack One,N/A,Rs. 21.90 Lakh,N/A,N/A,N/A,N/A,N/A,N/A,N/A,N/A,N/A,N/A,N/A,N/A,N/A,N/A,N/A,N/A,N/A,N/A,N/A,N/A,N/A,N/A,N/A,N/A,N/A,N/A,N/A,N/A
Mahindra,Mahindra XEV 9e,UPCOMING,N/A,Rs. N/A,N/A,N/A,N/A,N/A,N/A,N/A,N/A,N/A,N/A,N/A,N/A,N/A,N/A,N/A,N/A,N/A,N/A,N/A,N/A,N/A,N/A,N/A,N/A,N/A,N/A,N/A,N/A,N/A
Mahindra,Mahindra Scorpio,Scorpio S MT 7STR,N/A,Rs. 13.62 Lakh,N/A,N/A,N/A,N/A,N/A,N/A,N/A,N/A,N/A,N/A,N/A,N/A,N/A,N/A,N/A,N/A,N/A,N/A,N/A,N/A,N/A,N/A,N/A,N/A,N/A,N/A,N/A,N/A
Mahindra,Mahindra Scorpio,Scorpio S MT 9STR,N/A,Rs. 13.87 Lakh,N/A,N/A,N/A,N/A,N/A,N/A,N/A,N/A,N/A,N/A,N/A,N/A,N/A,N/A,N/A,N/A,N/A,N/A,N/A,N/A,N/A,N/A,N/A,N/A,N/A,N/A,N/A,N/A
Mahindra,Mahindra Scorpio,Scorpio S11 MT 7S CC,N/A,Rs. 17.35 Lakh,N/A,N/A,N/A,N/A,N/A,N/A,N/A,N/A,N/A,N/A,N/A,N/A,N/A,N/A,N/A,N/A,N/A,N/A,N/A,N/A,N/A,N/A,N/A,N/A,N/A,N/A,N/A,N/A
Mahindra,Mahindra Scorpio,Scorpio S11 MT 7S,N/A,Rs. 17.42 Lakh,N/A,N/A,N/A,N/A,N/A,N/A,N/A,N/A,N/A,N/A,N/A,N/A,N/A,N/A,N/A,N/A,N/A,N/A,N/A,N/A,N/A,N/A,N/A,N/A,N/A,N/A,N/A,N/A
Mahindra,Mahindra Thar,Thar AX (O) Hard Top Diesel MT RWD,N/A,Rs. 11.35 Lakh,N/A,N/A,N/A,N/A,N/A,N/A,N/A,N/A,N/A,N/A,N/A,N/A,N/A,N/A,N/A,N/A,N/A,N/A,N/A,N/A,N/A,N/A,N/A,N/A,N/A,N/A,N/A,N/A
Mahindra,Mahindra Thar,Thar LX Hard Top Diesel MT RWD,N/A,Rs. 12.85 Lakh,N/A,N/A,N/A,N/A,N/A,N/A,N/A,N/A,N/A,N/A,N/A,N/A,N/A,N/A,N/A,N/A,N/A,N/A,N/A,N/A,N/A,N/A,N/A,N/A,N/A,N/A,N/A,N/A
Mahindra,Mahindra Thar,Thar LX Hard Top Petrol AT RWD,N/A,Rs. 14.10 Lakh,N/A,N/A,N/A,N/A,N/A,N/A,N/A,N/A,N/A,N/A,N/A,N/A,N/A,N/A,N/A,N/A,N/A,N/A,N/A,N/A,N/A,N/A,N/A,N/A,N/A,N/A,N/A,N/A
Mahindra,Mahindra Thar,Thar AX (O) Convertible Top Petrol MT 4WD,N/A,Rs. 14.30 Lakh,N/A,N/A,N/A,N/A,N/A,N/A,N/A,N/A,N/A,N/A,N/A,N/A,N/A,N/A,N/A,N/A,N/A,N/A,N/A,N/A,N/A,N/A,N/A,N/A,N/A,N/A,N/A,N/A
Mahindra,Mahindra Thar,Thar AX (O) Convertible Top Diesel MT 4WD,N/A,Rs. 14.85 Lakh,N/A,N/A,N/A,N/A,N/A,N/A,N/A,N/A,N/A,N/A,N/A,N/A,N/A,N/A,N/A,N/A,N/A,N/A,N/A,N/A,N/A,N/A,N/A,N/A,N/A,N/A,N/A,N/A
Mahindra,Mahindra Thar,Thar AX (O) Hard Top Diesel MT 4WD,N/A,Rs. 15.00 Lakh,N/A,N/A,N/A,N/A,N/A,N/A,N/A,N/A,N/A,N/A,N/A,N/A,N/A,N/A,N/A,N/A,N/A,N/A,N/A,N/A,N/A,N/A,N/A,N/A,N/A,N/A,N/A,N/A
Mahindra,Mahindra Thar,Thar LX Hard Top Petrol MT 4WD,N/A,Rs. 15.00 Lakh,N/A,N/A,N/A,N/A,N/A,N/A,N/A,N/A,N/A,N/A,N/A,N/A,N/A,N/A,N/A,N/A,N/A,N/A,N/A,N/A,N/A,N/A,N/A,N/A,N/A,N/A,N/A,N/A
Mahindra,Mahindra Thar,Thar Earth Edition Petrol MT 4WD,N/A,Rs. 15.40 Lakh,N/A,N/A,N/A,N/A,N/A,N/A,N/A,N/A,N/A,N/A,N/A,N/A,N/A,N/A,N/A,N/A,N/A,N/A,N/A,N/A,N/A,N/A,N/A,N/A,N/A,N/A,N/A,N/A
Mahindra,Mahindra Thar,Thar LX Convertible Top Diesel MT 4WD,N/A,Rs. 15.75 Lakh,N/A,N/A,N/A,N/A,N/A,N/A,N/A,N/A,N/A,N/A,N/A,N/A,N/A,N/A,N/A,N/A,N/A,N/A,N/A,N/A,N/A,N/A,N/A,N/A,N/A,N/A,N/A,N/A
Mahindra,Mahindra Thar,Thar LX Hard Top Diesel MT 4WD,N/A,Rs. 15.75 Lakh,N/A,N/A,N/A,N/A,N/A,N/A,N/A,N/A,N/A,N/A,N/A,N/A,N/A,N/A,N/A,N/A,N/A,N/A,N/A,N/A,N/A,N/A,N/A,N/A,N/A,N/A,N/A,N/A
Mahindra,Mahindra Thar,Thar Earth Editon Diesel MT 4WD,N/A,Rs. 16.15 Lakh,N/A,N/A,N/A,N/A,N/A,N/A,N/A,N/A,N/A,N/A,N/A,N/A,N/A,N/A,N/A,N/A,N/A,N/A,N/A,N/A,N/A,N/A,N/A,N/A,N/A,N/A,N/A,N/A
Mahindra,Mahindra Thar,Thar LX Convertible Top Petrol AT 4WD,N/A,Rs. 16.50 Lakh,N/A,N/A,N/A,N/A,N/A,N/A,N/A,N/A,N/A,N/A,N/A,N/A,N/A,N/A,N/A,N/A,N/A,N/A,N/A,N/A,N/A,N/A,N/A,N/A,N/A,N/A,N/A,N/A
Mahindra,Mahindra Thar,Thar LX Hard Top Petrol AT 4WD,N/A,Rs. 16.60 Lakh,N/A,N/A,N/A,N/A,N/A,N/A,N/A,N/A,N/A,N/A,N/A,N/A,N/A,N/A,N/A,N/A,N/A,N/A,N/A,N/A,N/A,N/A,N/A,N/A,N/A,N/A,N/A,N/A
Mahindra,Mahindra Thar,Thar Earth Editon Petrol AT 4WD,N/A,Rs. 16.99 Lakh,N/A,N/A,N/A,N/A,N/A,N/A,N/A,N/A,N/A,N/A,N/A,N/A,N/A,N/A,N/A,N/A,N/A,N/A,N/A,N/A,N/A,N/A,N/A,N/A,N/A,N/A,N/A,N/A
Mahindra,Mahindra Thar,Thar LX Convertible Top Diesel AT 4WD,N/A,Rs. 17.15 Lakh,N/A,N/A,N/A,N/A,N/A,N/A,N/A,N/A,N/A,N/A,N/A,N/A,N/A,N/A,N/A,N/A,N/A,N/A,N/A,N/A,N/A,N/A,N/A,N/A,N/A,N/A,N/A,N/A
Mahindra,Mahindra Thar,Thar LX Hard Top Diesel AT 4WD,N/A,Rs. 17.20 Lakh,N/A,N/A,N/A,N/A,N/A,N/A,N/A,N/A,N/A,N/A,N/A,N/A,N/A,N/A,N/A,N/A,N/A,N/A,N/A,N/A,N/A,N/A,N/A,N/A,N/A,N/A,N/A,N/A
Mahindra,Mahindra Thar,Thar Earth Editon Diesel AT 4WD,N/A,Rs. 17.60 Lakh,N/A,N/A,N/A,N/A,N/A,N/A,N/A,N/A,N/A,N/A,N/A,N/A,N/A,N/A,N/A,N/A,N/A,N/A,N/A,N/A,N/A,N/A,N/A,N/A,N/A,N/A,N/A,N/A
Mahindra,Mahindra Bolero,Bolero B4,N/A,Rs. 9.79 Lakh,N/A,N/A,N/A,N/A,N/A,N/A,N/A,N/A,N/A,N/A,N/A,N/A,N/A,N/A,N/A,N/A,N/A,N/A,N/A,N/A,N/A,N/A,N/A,N/A,N/A,N/A,N/A,N/A
Mahindra,Mahindra Bolero,Bolero B6,N/A,Rs. 10.00 Lakh,N/A,N/A,N/A,N/A,N/A,N/A,N/A,N/A,N/A,N/A,N/A,N/A,N/A,N/A,N/A,N/A,N/A,N/A,N/A,N/A,N/A,N/A,N/A,N/A,N/A,N/A,N/A,N/A
Mahindra,Mahindra Bolero,Bolero B6 (O),N/A,Rs. 10.91 Lakh,N/A,N/A,N/A,N/A,N/A,N/A,N/A,N/A,N/A,N/A,N/A,N/A,N/A,N/A,N/A,N/A,N/A,N/A,N/A,N/A,N/A,N/A,N/A,N/A,N/A,N/A,N/A,N/A
Mahindra,Mahindra Bolero Neo Plus,Bolero Neo Plus P4,N/A,Rs. 11.39 Lakh,N/A,N/A,N/A,N/A,N/A,N/A,N/A,N/A,N/A,N/A,N/A,N/A,N/A,N/A,N/A,N/A,N/A,N/A,N/A,N/A,N/A,N/A,N/A,N/A,N/A,N/A,N/A,N/A
Mahindra,Mahindra Bolero Neo Plus,Bolero Neo Plus P10,N/A,Rs. 12.49 Lakh,N/A,N/A,N/A,N/A,N/A,N/A,N/A,N/A,N/A,N/A,N/A,N/A,N/A,N/A,N/A,N/A,N/A,N/A,N/A,N/A,N/A,N/A,N/A,N/A,N/A,N/A,N/A,N/A
Mahindra,Mahindra Bolero Neo,Bolero Neo N4,N/A,Rs. 9.95 Lakh,N/A,N/A,N/A,N/A,N/A,N/A,N/A,N/A,N/A,N/A,N/A,N/A,N/A,N/A,N/A,N/A,N/A,N/A,N/A,N/A,N/A,N/A,N/A,N/A,N/A,N/A,N/A,N/A
Mahindra,Mahindra Bolero Neo,Bolero Neo N8,N/A,Rs. 10.64 Lakh,N/A,N/A,N/A,N/A,N/A,N/A,N/A,N/A,N/A,N/A,N/A,N/A,N/A,N/A,N/A,N/A,N/A,N/A,N/A,N/A,N/A,N/A,N/A,N/A,N/A,N/A,N/A,N/A
Mahindra,Mahindra Bolero Neo,Bolero Neo N10,N/A,Rs. 11.48 Lakh,N/A,N/A,N/A,N/A,N/A,N/A,N/A,N/A,N/A,N/A,N/A,N/A,N/A,N/A,N/A,N/A,N/A,N/A,N/A,N/A,N/A,N/A,N/A,N/A,N/A,N/A,N/A,N/A
Mahindra,Mahindra Bolero Neo,Bolero Neo N10 (O),N/A,Rs. 12.16 Lakh,N/A,N/A,N/A,N/A,N/A,N/A,N/A,N/A,N/A,N/A,N/A,N/A,N/A,N/A,N/A,N/A,N/A,N/A,N/A,N/A,N/A,N/A,N/A,N/A,N/A,N/A,N/A,N/A
Mahindra,Mahindra XUV400,XUV400 EC Pro 34.5 KWH,N/A,Rs. 15.49 Lakh,N/A,N/A,N/A,N/A,N/A,N/A,N/A,N/A,N/A,N/A,N/A,N/A,N/A,N/A,N/A,N/A,N/A,N/A,N/A,N/A,N/A,N/A,N/A,N/A,N/A,N/A,N/A,N/A
Mahindra,Mahindra XUV400,XUV400 EL Pro 34.5 KWH,N/A,Rs. 16.74 Lakh,N/A,N/A,N/A,N/A,N/A,N/A,N/A,N/A,N/A,N/A,N/A,N/A,N/A,N/A,N/A,N/A,N/A,N/A,N/A,N/A,N/A,N/A,N/A,N/A,N/A,N/A,N/A,N/A
Mahindra,Mahindra XUV400,XUV400 EL Pro 34.5 KWH Dual Tone,N/A,Rs. 16.94 Lakh,N/A,N/A,N/A,N/A,N/A,N/A,N/A,N/A,N/A,N/A,N/A,N/A,N/A,N/A,N/A,N/A,N/A,N/A,N/A,N/A,N/A,N/A,N/A,N/A,N/A,N/A,N/A,N/A
Mahindra,Mahindra XUV400,XUV400 EL Pro 39.4 KWH,N/A,Rs. 17.49 Lakh,N/A,N/A,N/A,N/A,N/A,N/A,N/A,N/A,N/A,N/A,N/A,N/A,N/A,N/A,N/A,N/A,N/A,N/A,N/A,N/A,N/A,N/A,N/A,N/A,N/A,N/A,N/A,N/A
Mahindra,Mahindra XUV400,XUV400 EL Pro 39.4 KWH Dual Tone,N/A,Rs. 17.69 Lakh,N/A,N/A,N/A,N/A,N/A,N/A,N/A,N/A,N/A,N/A,N/A,N/A,N/A,N/A,N/A,N/A,N/A,N/A,N/A,N/A,N/A,N/A,N/A,N/A,N/A,N/A,N/A,N/A
Mahindra,Mahindra Marazzo,Marazzo M2 7 STR,N/A,Rs. 14.59 Lakh,N/A,N/A,N/A,N/A,N/A,N/A,N/A,N/A,N/A,N/A,N/A,N/A,N/A,N/A,N/A,N/A,N/A,N/A,N/A,N/A,N/A,N/A,N/A,N/A,N/A,N/A,N/A,N/A
Mahindra,Mahindra Marazzo,Marazzo M2 8 STR,N/A,Rs. 14.59 Lakh,N/A,N/A,N/A,N/A,N/A,N/A,N/A,N/A,N/A,N/A,N/A,N/A,N/A,N/A,N/A,N/A,N/A,N/A,N/A,N/A,N/A,N/A,N/A,N/A,N/A,N/A,N/A,N/A
Mahindra,Mahindra Marazzo,Marazzo M4 Plus 7 STR,N/A,Rs. 15.86 Lakh,N/A,N/A,N/A,N/A,N/A,N/A,N/A,N/A,N/A,N/A,N/A,N/A,N/A,N/A,N/A,N/A,N/A,N/A,N/A,N/A,N/A,N/A,N/A,N/A,N/A,N/A,N/A,N/A
Mahindra,Mahindra Marazzo,Marazzo M4 Plus 8 STR,N/A,Rs. 15.94 Lakh,N/A,N/A,N/A,N/A,N/A,N/A,N/A,N/A,N/A,N/A,N/A,N/A,N/A,N/A,N/A,N/A,N/A,N/A,N/A,N/A,N/A,N/A,N/A,N/A,N/A,N/A,N/A,N/A
Mahindra,Mahindra Marazzo,Marazzo M6 Plus 7 STR,N/A,Rs. 16.92 Lakh,N/A,N/A,N/A,N/A,N/A,N/A,N/A,N/A,N/A,N/A,N/A,N/A,N/A,N/A,N/A,N/A,N/A,N/A,N/A,N/A,N/A,N/A,N/A,N/A,N/A,N/A,N/A,N/A
Mahindra,Mahindra Marazzo,Marazzo M6 Plus 8 STR,N/A,Rs. 17.00 Lakh,N/A,N/A,N/A,N/A,N/A,N/A,N/A,N/A,N/A,N/A,N/A,N/A,N/A,N/A,N/A,N/A,N/A,N/A,N/A,N/A,N/A,N/A,N/A,N/A,N/A,N/A,N/A,N/A
